eu_sdg,table,table_label,unit,unit_label,geo,geo_label,time,obs_value,obs_status
06_50,PO4_MG_L,Phosphate in rivers,MG_L,mg PO4 per litre,EU_V,European Union (aggregate changing according to the context),2000,0.0896,
06_50,PO4_MG_L,Phosphate in rivers,MG_L,mg PO4 per litre,EU_V,European Union (aggregate changing according to the context),2001,0.0922,
06_50,PO4_MG_L,Phosphate in rivers,MG_L,mg PO4 per litre,EU_V,European Union (aggregate changing according to the context),2002,0.0899,
06_50,PO4_MG_L,Phosphate in rivers,MG_L,mg PO4 per litre,EU_V,European Union (aggregate changing according to the context),2003,0.0937,
06_50,PO4_MG_L,Phosphate in rivers,MG_L,mg PO4 per litre,EU_V,European Union (aggregate changing according to the context),2004,0.083,
06_50,PO4_MG_L,Phosphate in rivers,MG_L,mg PO4 per litre,EU_V,European Union (aggregate changing according to the context),2005,0.0751,
06_50,PO4_MG_L,Phosphate in rivers,MG_L,mg PO4 per litre,EU_V,European Union (aggregate changing according to the context),2006,0.0895,
06_50,PO4_MG_L,Phosphate in rivers,MG_L,mg PO4 per litre,EU_V,European Union (aggregate changing according to the context),2007,0.0924,
06_50,PO4_MG_L,Phosphate in rivers,MG_L,mg PO4 per litre,EU_V,European Union (aggregate changing according to the context),2008,0.0802,
06_50,PO4_MG_L,Phosphate in rivers,MG_L,mg PO4 per litre,EU_V,European Union (aggregate changing according to the context),2009,0.0775,
06_50,PO4_MG_L,Phosphate in rivers,MG_L,mg PO4 per litre,EU_V,European Union (aggregate changing according to the context),2010,0.0731,
06_50,PO4_MG_L,Phosphate in rivers,MG_L,mg PO4 per litre,EU_V,European Union (aggregate changing according to the context),2011,0.0574,
06_50,PO4_MG_L,Phosphate in rivers,MG_L,mg PO4 per litre,EU_V,European Union (aggregate changing according to the context),2012,0.0639,
06_50,PO4_MG_L,Phosphate in rivers,MG_L,mg PO4 per litre,EU_V,European Union (aggregate changing according to the context),2013,0.06,
06_50,PO4_MG_L,Phosphate in rivers,MG_L,mg PO4 per litre,EU_V,European Union (aggregate changing according to the context),2014,0.0605,
06_50,PO4_MG_L,Phosphate in rivers,MG_L,mg PO4 per litre,EU_V,European Union (aggregate changing according to the context),2015,0.0633,
06_50,PO4_MG_L,Phosphate in rivers,MG_L,mg PO4 per litre,EU_V,European Union (aggregate changing according to the context),2016,0.0606,
06_50,PO4_MG_L,Phosphate in rivers,MG_L,mg PO4 per litre,EU_V,European Union (aggregate changing according to the context),2017,0.066,
06_50,PO4_MG_L,Phosphate in rivers,MG_L,mg PO4 per litre,EU_V,European Union (aggregate changing according to the context),2018,0.0656,
06_50,PO4_MG_L,Phosphate in rivers,MG_L,mg PO4 per litre,EU_V,European Union (aggregate changing according to the context),2019,0.0699,
06_50,PO4_MG_L,Phosphate in rivers,MG_L,mg PO4 per litre,EU_V,European Union (aggregate changing according to the context),2020,0.0802,
06_50,PO4_MG_L,Phosphate in rivers,MG_L,mg PO4 per litre,EU_V,European Union (aggregate changing according to the context),2021,0.0738,
06_50,PO4_MG_L,Phosphate in rivers,MG_L,mg PO4 per litre,EU27_2020,European Union - 27 countries (from 2020),2000,,
06_50,PO4_MG_L,Phosphate in rivers,MG_L,mg PO4 per litre,EU27_2020,European Union - 27 countries (from 2020),2001,,
06_50,PO4_MG_L,Phosphate in rivers,MG_L,mg PO4 per litre,EU27_2020,European Union - 27 countries (from 2020),2002,,
06_50,PO4_MG_L,Phosphate in rivers,MG_L,mg PO4 per litre,EU27_2020,European Union - 27 countries (from 2020),2003,,
06_50,PO4_MG_L,Phosphate in rivers,MG_L,mg PO4 per litre,EU27_2020,European Union - 27 countries (from 2020),2004,,
06_50,PO4_MG_L,Phosphate in rivers,MG_L,mg PO4 per litre,EU27_2020,European Union - 27 countries (from 2020),2005,,
06_50,PO4_MG_L,Phosphate in rivers,MG_L,mg PO4 per litre,EU27_2020,European Union - 27 countries (from 2020),2006,,
06_50,PO4_MG_L,Phosphate in rivers,MG_L,mg PO4 per litre,EU27_2020,European Union - 27 countries (from 2020),2007,,
06_50,PO4_MG_L,Phosphate in rivers,MG_L,mg PO4 per litre,EU27_2020,European Union - 27 countries (from 2020),2008,,
06_50,PO4_MG_L,Phosphate in rivers,MG_L,mg PO4 per litre,EU27_2020,European Union - 27 countries (from 2020),2009,,
06_50,PO4_MG_L,Phosphate in rivers,MG_L,mg PO4 per litre,EU27_2020,European Union - 27 countries (from 2020),2010,,
06_50,PO4_MG_L,Phosphate in rivers,MG_L,mg PO4 per litre,EU27_2020,European Union - 27 countries (from 2020),2011,,
06_50,PO4_MG_L,Phosphate in rivers,MG_L,mg PO4 per litre,EU27_2020,European Union - 27 countries (from 2020),2012,,
06_50,PO4_MG_L,Phosphate in rivers,MG_L,mg PO4 per litre,EU27_2020,European Union - 27 countries (from 2020),2013,,
06_50,PO4_MG_L,Phosphate in rivers,MG_L,mg PO4 per litre,EU27_2020,European Union - 27 countries (from 2020),2014,,
06_50,PO4_MG_L,Phosphate in rivers,MG_L,mg PO4 per litre,EU27_2020,European Union - 27 countries (from 2020),2015,,
06_50,PO4_MG_L,Phosphate in rivers,MG_L,mg PO4 per litre,EU27_2020,European Union - 27 countries (from 2020),2016,,
06_50,PO4_MG_L,Phosphate in rivers,MG_L,mg PO4 per litre,EU27_2020,European Union - 27 countries (from 2020),2017,,
06_50,PO4_MG_L,Phosphate in rivers,MG_L,mg PO4 per litre,EU27_2020,European Union - 27 countries (from 2020),2018,,
06_50,PO4_MG_L,Phosphate in rivers,MG_L,mg PO4 per litre,EU27_2020,European Union - 27 countries (from 2020),2019,,
06_50,PO4_MG_L,Phosphate in rivers,MG_L,mg PO4 per litre,EU27_2020,European Union - 27 countries (from 2020),2020,,
06_50,PO4_MG_L,Phosphate in rivers,MG_L,mg PO4 per litre,EU27_2020,European Union - 27 countries (from 2020),2021,,
06_50,PO4_MG_L,Phosphate in rivers,MG_L,mg PO4 per litre,AT,Austria,2000,,
06_50,PO4_MG_L,Phosphate in rivers,MG_L,mg PO4 per litre,AT,Austria,2001,,
06_50,PO4_MG_L,Phosphate in rivers,MG_L,mg PO4 per litre,AT,Austria,2002,,
06_50,PO4_MG_L,Phosphate in rivers,MG_L,mg PO4 per litre,AT,Austria,2003,,
06_50,PO4_MG_L,Phosphate in rivers,MG_L,mg PO4 per litre,AT,Austria,2004,,
06_50,PO4_MG_L,Phosphate in rivers,MG_L,mg PO4 per litre,AT,Austria,2005,,
06_50,PO4_MG_L,Phosphate in rivers,MG_L,mg PO4 per litre,AT,Austria,2006,,
06_50,PO4_MG_L,Phosphate in rivers,MG_L,mg PO4 per litre,AT,Austria,2007,,
06_50,PO4_MG_L,Phosphate in rivers,MG_L,mg PO4 per litre,AT,Austria,2008,,
06_50,PO4_MG_L,Phosphate in rivers,MG_L,mg PO4 per litre,AT,Austria,2009,,
06_50,PO4_MG_L,Phosphate in rivers,MG_L,mg PO4 per litre,AT,Austria,2010,,
06_50,PO4_MG_L,Phosphate in rivers,MG_L,mg PO4 per litre,AT,Austria,2011,,
06_50,PO4_MG_L,Phosphate in rivers,MG_L,mg PO4 per litre,AT,Austria,2012,,
06_50,PO4_MG_L,Phosphate in rivers,MG_L,mg PO4 per litre,AT,Austria,2013,,
06_50,PO4_MG_L,Phosphate in rivers,MG_L,mg PO4 per litre,AT,Austria,2014,,
06_50,PO4_MG_L,Phosphate in rivers,MG_L,mg PO4 per litre,AT,Austria,2015,,
06_50,PO4_MG_L,Phosphate in rivers,MG_L,mg PO4 per litre,AT,Austria,2016,,
06_50,PO4_MG_L,Phosphate in rivers,MG_L,mg PO4 per litre,AT,Austria,2017,,
06_50,PO4_MG_L,Phosphate in rivers,MG_L,mg PO4 per litre,AT,Austria,2018,,
06_50,PO4_MG_L,Phosphate in rivers,MG_L,mg PO4 per litre,AT,Austria,2019,,
06_50,PO4_MG_L,Phosphate in rivers,MG_L,mg PO4 per litre,AT,Austria,2020,,
06_50,PO4_MG_L,Phosphate in rivers,MG_L,mg PO4 per litre,AT,Austria,2021,,
06_50,PO4_MG_L,Phosphate in rivers,MG_L,mg PO4 per litre,BE,Belgium,2000,0.269,
06_50,PO4_MG_L,Phosphate in rivers,MG_L,mg PO4 per litre,BE,Belgium,2001,0.243,
06_50,PO4_MG_L,Phosphate in rivers,MG_L,mg PO4 per litre,BE,Belgium,2002,0.247,
06_50,PO4_MG_L,Phosphate in rivers,MG_L,mg PO4 per litre,BE,Belgium,2003,0.317,
06_50,PO4_MG_L,Phosphate in rivers,MG_L,mg PO4 per litre,BE,Belgium,2004,0.3,
06_50,PO4_MG_L,Phosphate in rivers,MG_L,mg PO4 per litre,BE,Belgium,2005,0.282,
06_50,PO4_MG_L,Phosphate in rivers,MG_L,mg PO4 per litre,BE,Belgium,2006,0.228,
06_50,PO4_MG_L,Phosphate in rivers,MG_L,mg PO4 per litre,BE,Belgium,2007,0.192,
06_50,PO4_MG_L,Phosphate in rivers,MG_L,mg PO4 per litre,BE,Belgium,2008,0.16,
06_50,PO4_MG_L,Phosphate in rivers,MG_L,mg PO4 per litre,BE,Belgium,2009,0.227,
06_50,PO4_MG_L,Phosphate in rivers,MG_L,mg PO4 per litre,BE,Belgium,2010,0.215,
06_50,PO4_MG_L,Phosphate in rivers,MG_L,mg PO4 per litre,BE,Belgium,2011,0.217,
06_50,PO4_MG_L,Phosphate in rivers,MG_L,mg PO4 per litre,BE,Belgium,2012,0.16,
06_50,PO4_MG_L,Phosphate in rivers,MG_L,mg PO4 per litre,BE,Belgium,2013,0.166,
06_50,PO4_MG_L,Phosphate in rivers,MG_L,mg PO4 per litre,BE,Belgium,2014,0.173,
06_50,PO4_MG_L,Phosphate in rivers,MG_L,mg PO4 per litre,BE,Belgium,2015,0.188,
06_50,PO4_MG_L,Phosphate in rivers,MG_L,mg PO4 per litre,BE,Belgium,2016,0.169,
06_50,PO4_MG_L,Phosphate in rivers,MG_L,mg PO4 per litre,BE,Belgium,2017,0.215,
06_50,PO4_MG_L,Phosphate in rivers,MG_L,mg PO4 per litre,BE,Belgium,2018,0.192,
06_50,PO4_MG_L,Phosphate in rivers,MG_L,mg PO4 per litre,BE,Belgium,2019,0.22,
06_50,PO4_MG_L,Phosphate in rivers,MG_L,mg PO4 per litre,BE,Belgium,2020,0.197,
06_50,PO4_MG_L,Phosphate in rivers,MG_L,mg PO4 per litre,BE,Belgium,2021,0.174,
06_50,PO4_MG_L,Phosphate in rivers,MG_L,mg PO4 per litre,BG,Bulgaria,2000,0.224,
06_50,PO4_MG_L,Phosphate in rivers,MG_L,mg PO4 per litre,BG,Bulgaria,2001,0.305,
06_50,PO4_MG_L,Phosphate in rivers,MG_L,mg PO4 per litre,BG,Bulgaria,2002,0.261,
06_50,PO4_MG_L,Phosphate in rivers,MG_L,mg PO4 per litre,BG,Bulgaria,2003,0.243,
06_50,PO4_MG_L,Phosphate in rivers,MG_L,mg PO4 per litre,BG,Bulgaria,2004,0.239,
06_50,PO4_MG_L,Phosphate in rivers,MG_L,mg PO4 per litre,BG,Bulgaria,2005,0.133,
06_50,PO4_MG_L,Phosphate in rivers,MG_L,mg PO4 per litre,BG,Bulgaria,2006,0.321,
06_50,PO4_MG_L,Phosphate in rivers,MG_L,mg PO4 per litre,BG,Bulgaria,2007,0.424,
06_50,PO4_MG_L,Phosphate in rivers,MG_L,mg PO4 per litre,BG,Bulgaria,2008,0.323,
06_50,PO4_MG_L,Phosphate in rivers,MG_L,mg PO4 per litre,BG,Bulgaria,2009,0.294,
06_50,PO4_MG_L,Phosphate in rivers,MG_L,mg PO4 per litre,BG,Bulgaria,2010,0.332,
06_50,PO4_MG_L,Phosphate in rivers,MG_L,mg PO4 per litre,BG,Bulgaria,2011,0.133,
06_50,PO4_MG_L,Phosphate in rivers,MG_L,mg PO4 per litre,BG,Bulgaria,2012,0.15,
06_50,PO4_MG_L,Phosphate in rivers,MG_L,mg PO4 per litre,BG,Bulgaria,2013,0.141,
06_50,PO4_MG_L,Phosphate in rivers,MG_L,mg PO4 per litre,BG,Bulgaria,2014,0.112,
06_50,PO4_MG_L,Phosphate in rivers,MG_L,mg PO4 per litre,BG,Bulgaria,2015,0.094,
06_50,PO4_MG_L,Phosphate in rivers,MG_L,mg PO4 per litre,BG,Bulgaria,2016,0.098,
06_50,PO4_MG_L,Phosphate in rivers,MG_L,mg PO4 per litre,BG,Bulgaria,2017,0.131,
06_50,PO4_MG_L,Phosphate in rivers,MG_L,mg PO4 per litre,BG,Bulgaria,2018,0.105,
06_50,PO4_MG_L,Phosphate in rivers,MG_L,mg PO4 per litre,BG,Bulgaria,2019,0.146,
06_50,PO4_MG_L,Phosphate in rivers,MG_L,mg PO4 per litre,BG,Bulgaria,2020,0.189,
06_50,PO4_MG_L,Phosphate in rivers,MG_L,mg PO4 per litre,BG,Bulgaria,2021,0.189,
06_50,PO4_MG_L,Phosphate in rivers,MG_L,mg PO4 per litre,CY,Cyprus,2000,,
06_50,PO4_MG_L,Phosphate in rivers,MG_L,mg PO4 per litre,CY,Cyprus,2001,,
06_50,PO4_MG_L,Phosphate in rivers,MG_L,mg PO4 per litre,CY,Cyprus,2002,,
06_50,PO4_MG_L,Phosphate in rivers,MG_L,mg PO4 per litre,CY,Cyprus,2003,,
06_50,PO4_MG_L,Phosphate in rivers,MG_L,mg PO4 per litre,CY,Cyprus,2004,,
06_50,PO4_MG_L,Phosphate in rivers,MG_L,mg PO4 per litre,CY,Cyprus,2005,,
06_50,PO4_MG_L,Phosphate in rivers,MG_L,mg PO4 per litre,CY,Cyprus,2006,,
06_50,PO4_MG_L,Phosphate in rivers,MG_L,mg PO4 per litre,CY,Cyprus,2007,,
06_50,PO4_MG_L,Phosphate in rivers,MG_L,mg PO4 per litre,CY,Cyprus,2008,,
06_50,PO4_MG_L,Phosphate in rivers,MG_L,mg PO4 per litre,CY,Cyprus,2009,,
06_50,PO4_MG_L,Phosphate in rivers,MG_L,mg PO4 per litre,CY,Cyprus,2010,,
06_50,PO4_MG_L,Phosphate in rivers,MG_L,mg PO4 per litre,CY,Cyprus,2011,,
06_50,PO4_MG_L,Phosphate in rivers,MG_L,mg PO4 per litre,CY,Cyprus,2012,,
06_50,PO4_MG_L,Phosphate in rivers,MG_L,mg PO4 per litre,CY,Cyprus,2013,,
06_50,PO4_MG_L,Phosphate in rivers,MG_L,mg PO4 per litre,CY,Cyprus,2014,,
06_50,PO4_MG_L,Phosphate in rivers,MG_L,mg PO4 per litre,CY,Cyprus,2015,,
06_50,PO4_MG_L,Phosphate in rivers,MG_L,mg PO4 per litre,CY,Cyprus,2016,,
06_50,PO4_MG_L,Phosphate in rivers,MG_L,mg PO4 per litre,CY,Cyprus,2017,,
06_50,PO4_MG_L,Phosphate in rivers,MG_L,mg PO4 per litre,CY,Cyprus,2018,,
06_50,PO4_MG_L,Phosphate in rivers,MG_L,mg PO4 per litre,CY,Cyprus,2019,,
06_50,PO4_MG_L,Phosphate in rivers,MG_L,mg PO4 per litre,CY,Cyprus,2020,,
06_50,PO4_MG_L,Phosphate in rivers,MG_L,mg PO4 per litre,CY,Cyprus,2021,,
06_50,PO4_MG_L,Phosphate in rivers,MG_L,mg PO4 per litre,CZ,Czechia,2000,0.257,
06_50,PO4_MG_L,Phosphate in rivers,MG_L,mg PO4 per litre,CZ,Czechia,2001,0.218,
06_50,PO4_MG_L,Phosphate in rivers,MG_L,mg PO4 per litre,CZ,Czechia,2002,0.206,
06_50,PO4_MG_L,Phosphate in rivers,MG_L,mg PO4 per litre,CZ,Czechia,2003,0.278,
06_50,PO4_MG_L,Phosphate in rivers,MG_L,mg PO4 per litre,CZ,Czechia,2004,0.22,
06_50,PO4_MG_L,Phosphate in rivers,MG_L,mg PO4 per litre,CZ,Czechia,2005,0.152,
06_50,PO4_MG_L,Phosphate in rivers,MG_L,mg PO4 per litre,CZ,Czechia,2006,0.123,
06_50,PO4_MG_L,Phosphate in rivers,MG_L,mg PO4 per litre,CZ,Czechia,2007,0.117,
06_50,PO4_MG_L,Phosphate in rivers,MG_L,mg PO4 per litre,CZ,Czechia,2008,0.121,
06_50,PO4_MG_L,Phosphate in rivers,MG_L,mg PO4 per litre,CZ,Czechia,2009,0.08,
06_50,PO4_MG_L,Phosphate in rivers,MG_L,mg PO4 per litre,CZ,Czechia,2010,0.068,
06_50,PO4_MG_L,Phosphate in rivers,MG_L,mg PO4 per litre,CZ,Czechia,2011,0.109,
06_50,PO4_MG_L,Phosphate in rivers,MG_L,mg PO4 per litre,CZ,Czechia,2012,0.125,
06_50,PO4_MG_L,Phosphate in rivers,MG_L,mg PO4 per litre,CZ,Czechia,2013,0.104,
06_50,PO4_MG_L,Phosphate in rivers,MG_L,mg PO4 per litre,CZ,Czechia,2014,0.127,
06_50,PO4_MG_L,Phosphate in rivers,MG_L,mg PO4 per litre,CZ,Czechia,2015,0.126,
06_50,PO4_MG_L,Phosphate in rivers,MG_L,mg PO4 per litre,CZ,Czechia,2016,0.125,
06_50,PO4_MG_L,Phosphate in rivers,MG_L,mg PO4 per litre,CZ,Czechia,2017,0.123,
06_50,PO4_MG_L,Phosphate in rivers,MG_L,mg PO4 per litre,CZ,Czechia,2018,0.133,
06_50,PO4_MG_L,Phosphate in rivers,MG_L,mg PO4 per litre,CZ,Czechia,2019,0.108,
06_50,PO4_MG_L,Phosphate in rivers,MG_L,mg PO4 per litre,CZ,Czechia,2020,0.078,
06_50,PO4_MG_L,Phosphate in rivers,MG_L,mg PO4 per litre,CZ,Czechia,2021,0.085,
06_50,PO4_MG_L,Phosphate in rivers,MG_L,mg PO4 per litre,DE,Germany,2000,,
06_50,PO4_MG_L,Phosphate in rivers,MG_L,mg PO4 per litre,DE,Germany,2001,,
06_50,PO4_MG_L,Phosphate in rivers,MG_L,mg PO4 per litre,DE,Germany,2002,,
06_50,PO4_MG_L,Phosphate in rivers,MG_L,mg PO4 per litre,DE,Germany,2003,,
06_50,PO4_MG_L,Phosphate in rivers,MG_L,mg PO4 per litre,DE,Germany,2004,,
06_50,PO4_MG_L,Phosphate in rivers,MG_L,mg PO4 per litre,DE,Germany,2005,,
06_50,PO4_MG_L,Phosphate in rivers,MG_L,mg PO4 per litre,DE,Germany,2006,,
06_50,PO4_MG_L,Phosphate in rivers,MG_L,mg PO4 per litre,DE,Germany,2007,,
06_50,PO4_MG_L,Phosphate in rivers,MG_L,mg PO4 per litre,DE,Germany,2008,,
06_50,PO4_MG_L,Phosphate in rivers,MG_L,mg PO4 per litre,DE,Germany,2009,,
06_50,PO4_MG_L,Phosphate in rivers,MG_L,mg PO4 per litre,DE,Germany,2010,,
06_50,PO4_MG_L,Phosphate in rivers,MG_L,mg PO4 per litre,DE,Germany,2011,,
06_50,PO4_MG_L,Phosphate in rivers,MG_L,mg PO4 per litre,DE,Germany,2012,,
06_50,PO4_MG_L,Phosphate in rivers,MG_L,mg PO4 per litre,DE,Germany,2013,,
06_50,PO4_MG_L,Phosphate in rivers,MG_L,mg PO4 per litre,DE,Germany,2014,,
06_50,PO4_MG_L,Phosphate in rivers,MG_L,mg PO4 per litre,DE,Germany,2015,,
06_50,PO4_MG_L,Phosphate in rivers,MG_L,mg PO4 per litre,DE,Germany,2016,,
06_50,PO4_MG_L,Phosphate in rivers,MG_L,mg PO4 per litre,DE,Germany,2017,,
06_50,PO4_MG_L,Phosphate in rivers,MG_L,mg PO4 per litre,DE,Germany,2018,,
06_50,PO4_MG_L,Phosphate in rivers,MG_L,mg PO4 per litre,DE,Germany,2019,,
06_50,PO4_MG_L,Phosphate in rivers,MG_L,mg PO4 per litre,DE,Germany,2020,,
06_50,PO4_MG_L,Phosphate in rivers,MG_L,mg PO4 per litre,DE,Germany,2021,,
06_50,PO4_MG_L,Phosphate in rivers,MG_L,mg PO4 per litre,DK,Denmark,2000,0.057,
06_50,PO4_MG_L,Phosphate in rivers,MG_L,mg PO4 per litre,DK,Denmark,2001,0.055,
06_50,PO4_MG_L,Phosphate in rivers,MG_L,mg PO4 per litre,DK,Denmark,2002,0.056,
06_50,PO4_MG_L,Phosphate in rivers,MG_L,mg PO4 per litre,DK,Denmark,2003,0.053,
06_50,PO4_MG_L,Phosphate in rivers,MG_L,mg PO4 per litre,DK,Denmark,2004,0.054,
06_50,PO4_MG_L,Phosphate in rivers,MG_L,mg PO4 per litre,DK,Denmark,2005,0.048,
06_50,PO4_MG_L,Phosphate in rivers,MG_L,mg PO4 per litre,DK,Denmark,2006,0.053,
06_50,PO4_MG_L,Phosphate in rivers,MG_L,mg PO4 per litre,DK,Denmark,2007,0.049,
06_50,PO4_MG_L,Phosphate in rivers,MG_L,mg PO4 per litre,DK,Denmark,2008,0.048,
06_50,PO4_MG_L,Phosphate in rivers,MG_L,mg PO4 per litre,DK,Denmark,2009,0.045,
06_50,PO4_MG_L,Phosphate in rivers,MG_L,mg PO4 per litre,DK,Denmark,2010,0.049,
06_50,PO4_MG_L,Phosphate in rivers,MG_L,mg PO4 per litre,DK,Denmark,2011,0.051,
06_50,PO4_MG_L,Phosphate in rivers,MG_L,mg PO4 per litre,DK,Denmark,2012,0.051,
06_50,PO4_MG_L,Phosphate in rivers,MG_L,mg PO4 per litre,DK,Denmark,2013,0.046,
06_50,PO4_MG_L,Phosphate in rivers,MG_L,mg PO4 per litre,DK,Denmark,2014,0.047,
06_50,PO4_MG_L,Phosphate in rivers,MG_L,mg PO4 per litre,DK,Denmark,2015,0.051,
06_50,PO4_MG_L,Phosphate in rivers,MG_L,mg PO4 per litre,DK,Denmark,2016,0.047,
06_50,PO4_MG_L,Phosphate in rivers,MG_L,mg PO4 per litre,DK,Denmark,2017,0.05,
06_50,PO4_MG_L,Phosphate in rivers,MG_L,mg PO4 per litre,DK,Denmark,2018,0.049,
06_50,PO4_MG_L,Phosphate in rivers,MG_L,mg PO4 per litre,DK,Denmark,2019,0.05,
06_50,PO4_MG_L,Phosphate in rivers,MG_L,mg PO4 per litre,DK,Denmark,2020,0.055,
06_50,PO4_MG_L,Phosphate in rivers,MG_L,mg PO4 per litre,DK,Denmark,2021,0.053,
06_50,PO4_MG_L,Phosphate in rivers,MG_L,mg PO4 per litre,EE,Estonia,2000,0.036,
06_50,PO4_MG_L,Phosphate in rivers,MG_L,mg PO4 per litre,EE,Estonia,2001,0.039,
06_50,PO4_MG_L,Phosphate in rivers,MG_L,mg PO4 per litre,EE,Estonia,2002,0.037,
06_50,PO4_MG_L,Phosphate in rivers,MG_L,mg PO4 per litre,EE,Estonia,2003,0.045,
06_50,PO4_MG_L,Phosphate in rivers,MG_L,mg PO4 per litre,EE,Estonia,2004,0.033,
06_50,PO4_MG_L,Phosphate in rivers,MG_L,mg PO4 per litre,EE,Estonia,2005,0.031,
06_50,PO4_MG_L,Phosphate in rivers,MG_L,mg PO4 per litre,EE,Estonia,2006,0.031,
06_50,PO4_MG_L,Phosphate in rivers,MG_L,mg PO4 per litre,EE,Estonia,2007,0.028,
06_50,PO4_MG_L,Phosphate in rivers,MG_L,mg PO4 per litre,EE,Estonia,2008,0.031,
06_50,PO4_MG_L,Phosphate in rivers,MG_L,mg PO4 per litre,EE,Estonia,2009,0.033,
06_50,PO4_MG_L,Phosphate in rivers,MG_L,mg PO4 per litre,EE,Estonia,2010,0.027,
06_50,PO4_MG_L,Phosphate in rivers,MG_L,mg PO4 per litre,EE,Estonia,2011,0.029,
06_50,PO4_MG_L,Phosphate in rivers,MG_L,mg PO4 per litre,EE,Estonia,2012,0.025,
06_50,PO4_MG_L,Phosphate in rivers,MG_L,mg PO4 per litre,EE,Estonia,2013,0.024,
06_50,PO4_MG_L,Phosphate in rivers,MG_L,mg PO4 per litre,EE,Estonia,2014,0.023,
06_50,PO4_MG_L,Phosphate in rivers,MG_L,mg PO4 per litre,EE,Estonia,2015,0.023,
06_50,PO4_MG_L,Phosphate in rivers,MG_L,mg PO4 per litre,EE,Estonia,2016,0.027,
06_50,PO4_MG_L,Phosphate in rivers,MG_L,mg PO4 per litre,EE,Estonia,2017,0.026,
06_50,PO4_MG_L,Phosphate in rivers,MG_L,mg PO4 per litre,EE,Estonia,2018,0.027,
06_50,PO4_MG_L,Phosphate in rivers,MG_L,mg PO4 per litre,EE,Estonia,2019,0.023,
06_50,PO4_MG_L,Phosphate in rivers,MG_L,mg PO4 per litre,EE,Estonia,2020,0.025,
06_50,PO4_MG_L,Phosphate in rivers,MG_L,mg PO4 per litre,EE,Estonia,2021,0.022,
06_50,PO4_MG_L,Phosphate in rivers,MG_L,mg PO4 per litre,EL,Greece,2000,,
06_50,PO4_MG_L,Phosphate in rivers,MG_L,mg PO4 per litre,EL,Greece,2001,,
06_50,PO4_MG_L,Phosphate in rivers,MG_L,mg PO4 per litre,EL,Greece,2002,,
06_50,PO4_MG_L,Phosphate in rivers,MG_L,mg PO4 per litre,EL,Greece,2003,,
06_50,PO4_MG_L,Phosphate in rivers,MG_L,mg PO4 per litre,EL,Greece,2004,,
06_50,PO4_MG_L,Phosphate in rivers,MG_L,mg PO4 per litre,EL,Greece,2005,,
06_50,PO4_MG_L,Phosphate in rivers,MG_L,mg PO4 per litre,EL,Greece,2006,,
06_50,PO4_MG_L,Phosphate in rivers,MG_L,mg PO4 per litre,EL,Greece,2007,,
06_50,PO4_MG_L,Phosphate in rivers,MG_L,mg PO4 per litre,EL,Greece,2008,,
06_50,PO4_MG_L,Phosphate in rivers,MG_L,mg PO4 per litre,EL,Greece,2009,,
06_50,PO4_MG_L,Phosphate in rivers,MG_L,mg PO4 per litre,EL,Greece,2010,,
06_50,PO4_MG_L,Phosphate in rivers,MG_L,mg PO4 per litre,EL,Greece,2011,,
06_50,PO4_MG_L,Phosphate in rivers,MG_L,mg PO4 per litre,EL,Greece,2012,,
06_50,PO4_MG_L,Phosphate in rivers,MG_L,mg PO4 per litre,EL,Greece,2013,,
06_50,PO4_MG_L,Phosphate in rivers,MG_L,mg PO4 per litre,EL,Greece,2014,,
06_50,PO4_MG_L,Phosphate in rivers,MG_L,mg PO4 per litre,EL,Greece,2015,,
06_50,PO4_MG_L,Phosphate in rivers,MG_L,mg PO4 per litre,EL,Greece,2016,,
06_50,PO4_MG_L,Phosphate in rivers,MG_L,mg PO4 per litre,EL,Greece,2017,,
06_50,PO4_MG_L,Phosphate in rivers,MG_L,mg PO4 per litre,EL,Greece,2018,,
06_50,PO4_MG_L,Phosphate in rivers,MG_L,mg PO4 per litre,EL,Greece,2019,,
06_50,PO4_MG_L,Phosphate in rivers,MG_L,mg PO4 per litre,EL,Greece,2020,,
06_50,PO4_MG_L,Phosphate in rivers,MG_L,mg PO4 per litre,EL,Greece,2021,,
06_50,PO4_MG_L,Phosphate in rivers,MG_L,mg PO4 per litre,ES,Spain,2000,0.113,
06_50,PO4_MG_L,Phosphate in rivers,MG_L,mg PO4 per litre,ES,Spain,2001,0.09,
06_50,PO4_MG_L,Phosphate in rivers,MG_L,mg PO4 per litre,ES,Spain,2002,0.103,
06_50,PO4_MG_L,Phosphate in rivers,MG_L,mg PO4 per litre,ES,Spain,2003,0.093,
06_50,PO4_MG_L,Phosphate in rivers,MG_L,mg PO4 per litre,ES,Spain,2004,0.102,
06_50,PO4_MG_L,Phosphate in rivers,MG_L,mg PO4 per litre,ES,Spain,2005,0.125,
06_50,PO4_MG_L,Phosphate in rivers,MG_L,mg PO4 per litre,ES,Spain,2006,0.131,
06_50,PO4_MG_L,Phosphate in rivers,MG_L,mg PO4 per litre,ES,Spain,2007,0.107,
06_50,PO4_MG_L,Phosphate in rivers,MG_L,mg PO4 per litre,ES,Spain,2008,0.075,
06_50,PO4_MG_L,Phosphate in rivers,MG_L,mg PO4 per litre,ES,Spain,2009,0.047,
06_50,PO4_MG_L,Phosphate in rivers,MG_L,mg PO4 per litre,ES,Spain,2010,0.046,
06_50,PO4_MG_L,Phosphate in rivers,MG_L,mg PO4 per litre,ES,Spain,2011,0.052,
06_50,PO4_MG_L,Phosphate in rivers,MG_L,mg PO4 per litre,ES,Spain,2012,0.142,
06_50,PO4_MG_L,Phosphate in rivers,MG_L,mg PO4 per litre,ES,Spain,2013,0.13,
06_50,PO4_MG_L,Phosphate in rivers,MG_L,mg PO4 per litre,ES,Spain,2014,0.144,
06_50,PO4_MG_L,Phosphate in rivers,MG_L,mg PO4 per litre,ES,Spain,2015,0.159,
06_50,PO4_MG_L,Phosphate in rivers,MG_L,mg PO4 per litre,ES,Spain,2016,0.18,
06_50,PO4_MG_L,Phosphate in rivers,MG_L,mg PO4 per litre,ES,Spain,2017,0.194,
06_50,PO4_MG_L,Phosphate in rivers,MG_L,mg PO4 per litre,ES,Spain,2018,0.194,
06_50,PO4_MG_L,Phosphate in rivers,MG_L,mg PO4 per litre,ES,Spain,2019,0.189,
06_50,PO4_MG_L,Phosphate in rivers,MG_L,mg PO4 per litre,ES,Spain,2020,0.187,
06_50,PO4_MG_L,Phosphate in rivers,MG_L,mg PO4 per litre,ES,Spain,2021,0.199,
06_50,PO4_MG_L,Phosphate in rivers,MG_L,mg PO4 per litre,FI,Finland,2000,0.019,
06_50,PO4_MG_L,Phosphate in rivers,MG_L,mg PO4 per litre,FI,Finland,2001,0.02,
06_50,PO4_MG_L,Phosphate in rivers,MG_L,mg PO4 per litre,FI,Finland,2002,0.014,
06_50,PO4_MG_L,Phosphate in rivers,MG_L,mg PO4 per litre,FI,Finland,2003,0.017,
06_50,PO4_MG_L,Phosphate in rivers,MG_L,mg PO4 per litre,FI,Finland,2004,0.017,
06_50,PO4_MG_L,Phosphate in rivers,MG_L,mg PO4 per litre,FI,Finland,2005,0.018,
06_50,PO4_MG_L,Phosphate in rivers,MG_L,mg PO4 per litre,FI,Finland,2006,0.016,
06_50,PO4_MG_L,Phosphate in rivers,MG_L,mg PO4 per litre,FI,Finland,2007,0.015,
06_50,PO4_MG_L,Phosphate in rivers,MG_L,mg PO4 per litre,FI,Finland,2008,0.017,
06_50,PO4_MG_L,Phosphate in rivers,MG_L,mg PO4 per litre,FI,Finland,2009,0.018,
06_50,PO4_MG_L,Phosphate in rivers,MG_L,mg PO4 per litre,FI,Finland,2010,0.015,
06_50,PO4_MG_L,Phosphate in rivers,MG_L,mg PO4 per litre,FI,Finland,2011,0.016,
06_50,PO4_MG_L,Phosphate in rivers,MG_L,mg PO4 per litre,FI,Finland,2012,0.017,
06_50,PO4_MG_L,Phosphate in rivers,MG_L,mg PO4 per litre,FI,Finland,2013,0.012,
06_50,PO4_MG_L,Phosphate in rivers,MG_L,mg PO4 per litre,FI,Finland,2014,0.011,
06_50,PO4_MG_L,Phosphate in rivers,MG_L,mg PO4 per litre,FI,Finland,2015,0.016,
06_50,PO4_MG_L,Phosphate in rivers,MG_L,mg PO4 per litre,FI,Finland,2016,0.016,
06_50,PO4_MG_L,Phosphate in rivers,MG_L,mg PO4 per litre,FI,Finland,2017,0.016,
06_50,PO4_MG_L,Phosphate in rivers,MG_L,mg PO4 per litre,FI,Finland,2018,0.011,
06_50,PO4_MG_L,Phosphate in rivers,MG_L,mg PO4 per litre,FI,Finland,2019,0.013,
06_50,PO4_MG_L,Phosphate in rivers,MG_L,mg PO4 per litre,FI,Finland,2020,0.016,
06_50,PO4_MG_L,Phosphate in rivers,MG_L,mg PO4 per litre,FI,Finland,2021,0.015,
06_50,PO4_MG_L,Phosphate in rivers,MG_L,mg PO4 per litre,FR,France,2000,,
06_50,PO4_MG_L,Phosphate in rivers,MG_L,mg PO4 per litre,FR,France,2001,,
06_50,PO4_MG_L,Phosphate in rivers,MG_L,mg PO4 per litre,FR,France,2002,,
06_50,PO4_MG_L,Phosphate in rivers,MG_L,mg PO4 per litre,FR,France,2003,,
06_50,PO4_MG_L,Phosphate in rivers,MG_L,mg PO4 per litre,FR,France,2004,,
06_50,PO4_MG_L,Phosphate in rivers,MG_L,mg PO4 per litre,FR,France,2005,,
06_50,PO4_MG_L,Phosphate in rivers,MG_L,mg PO4 per litre,FR,France,2006,,
06_50,PO4_MG_L,Phosphate in rivers,MG_L,mg PO4 per litre,FR,France,2007,,
06_50,PO4_MG_L,Phosphate in rivers,MG_L,mg PO4 per litre,FR,France,2008,,
06_50,PO4_MG_L,Phosphate in rivers,MG_L,mg PO4 per litre,FR,France,2009,,
06_50,PO4_MG_L,Phosphate in rivers,MG_L,mg PO4 per litre,FR,France,2010,,
06_50,PO4_MG_L,Phosphate in rivers,MG_L,mg PO4 per litre,FR,France,2011,,
06_50,PO4_MG_L,Phosphate in rivers,MG_L,mg PO4 per litre,FR,France,2012,,
06_50,PO4_MG_L,Phosphate in rivers,MG_L,mg PO4 per litre,FR,France,2013,,
06_50,PO4_MG_L,Phosphate in rivers,MG_L,mg PO4 per litre,FR,France,2014,,
06_50,PO4_MG_L,Phosphate in rivers,MG_L,mg PO4 per litre,FR,France,2015,,
06_50,PO4_MG_L,Phosphate in rivers,MG_L,mg PO4 per litre,FR,France,2016,,
06_50,PO4_MG_L,Phosphate in rivers,MG_L,mg PO4 per litre,FR,France,2017,,
06_50,PO4_MG_L,Phosphate in rivers,MG_L,mg PO4 per litre,FR,France,2018,,
06_50,PO4_MG_L,Phosphate in rivers,MG_L,mg PO4 per litre,FR,France,2019,,
06_50,PO4_MG_L,Phosphate in rivers,MG_L,mg PO4 per litre,FR,France,2020,,
06_50,PO4_MG_L,Phosphate in rivers,MG_L,mg PO4 per litre,FR,France,2021,,
06_50,PO4_MG_L,Phosphate in rivers,MG_L,mg PO4 per litre,HR,Croatia,2000,0.065,
06_50,PO4_MG_L,Phosphate in rivers,MG_L,mg PO4 per litre,HR,Croatia,2001,0.065,
06_50,PO4_MG_L,Phosphate in rivers,MG_L,mg PO4 per litre,HR,Croatia,2002,0.065,
06_50,PO4_MG_L,Phosphate in rivers,MG_L,mg PO4 per litre,HR,Croatia,2003,0.065,
06_50,PO4_MG_L,Phosphate in rivers,MG_L,mg PO4 per litre,HR,Croatia,2004,0.055,
06_50,PO4_MG_L,Phosphate in rivers,MG_L,mg PO4 per litre,HR,Croatia,2005,0.043,
06_50,PO4_MG_L,Phosphate in rivers,MG_L,mg PO4 per litre,HR,Croatia,2006,0.058,
06_50,PO4_MG_L,Phosphate in rivers,MG_L,mg PO4 per litre,HR,Croatia,2007,0.037,
06_50,PO4_MG_L,Phosphate in rivers,MG_L,mg PO4 per litre,HR,Croatia,2008,0.034,
06_50,PO4_MG_L,Phosphate in rivers,MG_L,mg PO4 per litre,HR,Croatia,2009,0.026,
06_50,PO4_MG_L,Phosphate in rivers,MG_L,mg PO4 per litre,HR,Croatia,2010,0.038,
06_50,PO4_MG_L,Phosphate in rivers,MG_L,mg PO4 per litre,HR,Croatia,2011,0.032,
06_50,PO4_MG_L,Phosphate in rivers,MG_L,mg PO4 per litre,HR,Croatia,2012,0.031,
06_50,PO4_MG_L,Phosphate in rivers,MG_L,mg PO4 per litre,HR,Croatia,2013,0.028,
06_50,PO4_MG_L,Phosphate in rivers,MG_L,mg PO4 per litre,HR,Croatia,2014,0.025,
06_50,PO4_MG_L,Phosphate in rivers,MG_L,mg PO4 per litre,HR,Croatia,2015,0.022,
06_50,PO4_MG_L,Phosphate in rivers,MG_L,mg PO4 per litre,HR,Croatia,2016,0.024,
06_50,PO4_MG_L,Phosphate in rivers,MG_L,mg PO4 per litre,HR,Croatia,2017,0.025,
06_50,PO4_MG_L,Phosphate in rivers,MG_L,mg PO4 per litre,HR,Croatia,2018,0.022,
06_50,PO4_MG_L,Phosphate in rivers,MG_L,mg PO4 per litre,HR,Croatia,2019,0.026,
06_50,PO4_MG_L,Phosphate in rivers,MG_L,mg PO4 per litre,HR,Croatia,2020,0.022,
06_50,PO4_MG_L,Phosphate in rivers,MG_L,mg PO4 per litre,HR,Croatia,2021,0.018,
06_50,PO4_MG_L,Phosphate in rivers,MG_L,mg PO4 per litre,HU,Hungary,2000,,
06_50,PO4_MG_L,Phosphate in rivers,MG_L,mg PO4 per litre,HU,Hungary,2001,,
06_50,PO4_MG_L,Phosphate in rivers,MG_L,mg PO4 per litre,HU,Hungary,2002,,
06_50,PO4_MG_L,Phosphate in rivers,MG_L,mg PO4 per litre,HU,Hungary,2003,,
06_50,PO4_MG_L,Phosphate in rivers,MG_L,mg PO4 per litre,HU,Hungary,2004,,
06_50,PO4_MG_L,Phosphate in rivers,MG_L,mg PO4 per litre,HU,Hungary,2005,,
06_50,PO4_MG_L,Phosphate in rivers,MG_L,mg PO4 per litre,HU,Hungary,2006,,
06_50,PO4_MG_L,Phosphate in rivers,MG_L,mg PO4 per litre,HU,Hungary,2007,,
06_50,PO4_MG_L,Phosphate in rivers,MG_L,mg PO4 per litre,HU,Hungary,2008,,
06_50,PO4_MG_L,Phosphate in rivers,MG_L,mg PO4 per litre,HU,Hungary,2009,,
06_50,PO4_MG_L,Phosphate in rivers,MG_L,mg PO4 per litre,HU,Hungary,2010,,
06_50,PO4_MG_L,Phosphate in rivers,MG_L,mg PO4 per litre,HU,Hungary,2011,,
06_50,PO4_MG_L,Phosphate in rivers,MG_L,mg PO4 per litre,HU,Hungary,2012,,
06_50,PO4_MG_L,Phosphate in rivers,MG_L,mg PO4 per litre,HU,Hungary,2013,,
06_50,PO4_MG_L,Phosphate in rivers,MG_L,mg PO4 per litre,HU,Hungary,2014,,
06_50,PO4_MG_L,Phosphate in rivers,MG_L,mg PO4 per litre,HU,Hungary,2015,,
06_50,PO4_MG_L,Phosphate in rivers,MG_L,mg PO4 per litre,HU,Hungary,2016,,
06_50,PO4_MG_L,Phosphate in rivers,MG_L,mg PO4 per litre,HU,Hungary,2017,,
06_50,PO4_MG_L,Phosphate in rivers,MG_L,mg PO4 per litre,HU,Hungary,2018,,
06_50,PO4_MG_L,Phosphate in rivers,MG_L,mg PO4 per litre,HU,Hungary,2019,,
06_50,PO4_MG_L,Phosphate in rivers,MG_L,mg PO4 per litre,HU,Hungary,2020,,
06_50,PO4_MG_L,Phosphate in rivers,MG_L,mg PO4 per litre,HU,Hungary,2021,,
06_50,PO4_MG_L,Phosphate in rivers,MG_L,mg PO4 per litre,IE,Ireland,2000,0.047,
06_50,PO4_MG_L,Phosphate in rivers,MG_L,mg PO4 per litre,IE,Ireland,2001,0.043,
06_50,PO4_MG_L,Phosphate in rivers,MG_L,mg PO4 per litre,IE,Ireland,2002,0.037,
06_50,PO4_MG_L,Phosphate in rivers,MG_L,mg PO4 per litre,IE,Ireland,2003,0.036,
06_50,PO4_MG_L,Phosphate in rivers,MG_L,mg PO4 per litre,IE,Ireland,2004,0.034,
06_50,PO4_MG_L,Phosphate in rivers,MG_L,mg PO4 per litre,IE,Ireland,2005,0.035,
06_50,PO4_MG_L,Phosphate in rivers,MG_L,mg PO4 per litre,IE,Ireland,2006,0.036,
06_50,PO4_MG_L,Phosphate in rivers,MG_L,mg PO4 per litre,IE,Ireland,2007,0.035,
06_50,PO4_MG_L,Phosphate in rivers,MG_L,mg PO4 per litre,IE,Ireland,2008,0.034,
06_50,PO4_MG_L,Phosphate in rivers,MG_L,mg PO4 per litre,IE,Ireland,2009,0.035,
06_50,PO4_MG_L,Phosphate in rivers,MG_L,mg PO4 per litre,IE,Ireland,2010,0.038,
06_50,PO4_MG_L,Phosphate in rivers,MG_L,mg PO4 per litre,IE,Ireland,2011,0.034,
06_50,PO4_MG_L,Phosphate in rivers,MG_L,mg PO4 per litre,IE,Ireland,2012,0.024,
06_50,PO4_MG_L,Phosphate in rivers,MG_L,mg PO4 per litre,IE,Ireland,2013,0.022,
06_50,PO4_MG_L,Phosphate in rivers,MG_L,mg PO4 per litre,IE,Ireland,2014,0.025,
06_50,PO4_MG_L,Phosphate in rivers,MG_L,mg PO4 per litre,IE,Ireland,2015,0.023,
06_50,PO4_MG_L,Phosphate in rivers,MG_L,mg PO4 per litre,IE,Ireland,2016,0.026,
06_50,PO4_MG_L,Phosphate in rivers,MG_L,mg PO4 per litre,IE,Ireland,2017,0.026,
06_50,PO4_MG_L,Phosphate in rivers,MG_L,mg PO4 per litre,IE,Ireland,2018,0.025,
06_50,PO4_MG_L,Phosphate in rivers,MG_L,mg PO4 per litre,IE,Ireland,2019,0.025,
06_50,PO4_MG_L,Phosphate in rivers,MG_L,mg PO4 per litre,IE,Ireland,2020,0.023,
06_50,PO4_MG_L,Phosphate in rivers,MG_L,mg PO4 per litre,IE,Ireland,2021,0.022,
06_50,PO4_MG_L,Phosphate in rivers,MG_L,mg PO4 per litre,IT,Italy,2000,0.026,
06_50,PO4_MG_L,Phosphate in rivers,MG_L,mg PO4 per litre,IT,Italy,2001,0.02,
06_50,PO4_MG_L,Phosphate in rivers,MG_L,mg PO4 per litre,IT,Italy,2002,0.046,
06_50,PO4_MG_L,Phosphate in rivers,MG_L,mg PO4 per litre,IT,Italy,2003,0.053,
06_50,PO4_MG_L,Phosphate in rivers,MG_L,mg PO4 per litre,IT,Italy,2004,0.039,
06_50,PO4_MG_L,Phosphate in rivers,MG_L,mg PO4 per litre,IT,Italy,2005,0.041,
06_50,PO4_MG_L,Phosphate in rivers,MG_L,mg PO4 per litre,IT,Italy,2006,0.049,
06_50,PO4_MG_L,Phosphate in rivers,MG_L,mg PO4 per litre,IT,Italy,2007,0.047,
06_50,PO4_MG_L,Phosphate in rivers,MG_L,mg PO4 per litre,IT,Italy,2008,0.043,
06_50,PO4_MG_L,Phosphate in rivers,MG_L,mg PO4 per litre,IT,Italy,2009,0.039,
06_50,PO4_MG_L,Phosphate in rivers,MG_L,mg PO4 per litre,IT,Italy,2010,0.04,
06_50,PO4_MG_L,Phosphate in rivers,MG_L,mg PO4 per litre,IT,Italy,2011,0.037,
06_50,PO4_MG_L,Phosphate in rivers,MG_L,mg PO4 per litre,IT,Italy,2012,0.039,
06_50,PO4_MG_L,Phosphate in rivers,MG_L,mg PO4 per litre,IT,Italy,2013,0.049,
06_50,PO4_MG_L,Phosphate in rivers,MG_L,mg PO4 per litre,IT,Italy,2014,0.06,
06_50,PO4_MG_L,Phosphate in rivers,MG_L,mg PO4 per litre,IT,Italy,2015,0.071,
06_50,PO4_MG_L,Phosphate in rivers,MG_L,mg PO4 per litre,IT,Italy,2016,0.05,
06_50,PO4_MG_L,Phosphate in rivers,MG_L,mg PO4 per litre,IT,Italy,2017,0.043,
06_50,PO4_MG_L,Phosphate in rivers,MG_L,mg PO4 per litre,IT,Italy,2018,0.042,
06_50,PO4_MG_L,Phosphate in rivers,MG_L,mg PO4 per litre,IT,Italy,2019,0.044,
06_50,PO4_MG_L,Phosphate in rivers,MG_L,mg PO4 per litre,IT,Italy,2020,0.054,
06_50,PO4_MG_L,Phosphate in rivers,MG_L,mg PO4 per litre,IT,Italy,2021,0.055,
06_50,PO4_MG_L,Phosphate in rivers,MG_L,mg PO4 per litre,LT,Lithuania,2000,0.118,
06_50,PO4_MG_L,Phosphate in rivers,MG_L,mg PO4 per litre,LT,Lithuania,2001,0.094,
06_50,PO4_MG_L,Phosphate in rivers,MG_L,mg PO4 per litre,LT,Lithuania,2002,0.141,
06_50,PO4_MG_L,Phosphate in rivers,MG_L,mg PO4 per litre,LT,Lithuania,2003,0.093,
06_50,PO4_MG_L,Phosphate in rivers,MG_L,mg PO4 per litre,LT,Lithuania,2004,0.07,
06_50,PO4_MG_L,Phosphate in rivers,MG_L,mg PO4 per litre,LT,Lithuania,2005,0.129,
06_50,PO4_MG_L,Phosphate in rivers,MG_L,mg PO4 per litre,LT,Lithuania,2006,0.155,
06_50,PO4_MG_L,Phosphate in rivers,MG_L,mg PO4 per litre,LT,Lithuania,2007,0.051,
06_50,PO4_MG_L,Phosphate in rivers,MG_L,mg PO4 per litre,LT,Lithuania,2008,0.082,
06_50,PO4_MG_L,Phosphate in rivers,MG_L,mg PO4 per litre,LT,Lithuania,2009,0.087,
06_50,PO4_MG_L,Phosphate in rivers,MG_L,mg PO4 per litre,LT,Lithuania,2010,0.055,
06_50,PO4_MG_L,Phosphate in rivers,MG_L,mg PO4 per litre,LT,Lithuania,2011,0.053,
06_50,PO4_MG_L,Phosphate in rivers,MG_L,mg PO4 per litre,LT,Lithuania,2012,0.044,
06_50,PO4_MG_L,Phosphate in rivers,MG_L,mg PO4 per litre,LT,Lithuania,2013,0.067,
06_50,PO4_MG_L,Phosphate in rivers,MG_L,mg PO4 per litre,LT,Lithuania,2014,0.051,
06_50,PO4_MG_L,Phosphate in rivers,MG_L,mg PO4 per litre,LT,Lithuania,2015,0.08,
06_50,PO4_MG_L,Phosphate in rivers,MG_L,mg PO4 per litre,LT,Lithuania,2016,0.064,
06_50,PO4_MG_L,Phosphate in rivers,MG_L,mg PO4 per litre,LT,Lithuania,2017,0.086,
06_50,PO4_MG_L,Phosphate in rivers,MG_L,mg PO4 per litre,LT,Lithuania,2018,0.121,
06_50,PO4_MG_L,Phosphate in rivers,MG_L,mg PO4 per litre,LT,Lithuania,2019,0.113,
06_50,PO4_MG_L,Phosphate in rivers,MG_L,mg PO4 per litre,LT,Lithuania,2020,0.279,
06_50,PO4_MG_L,Phosphate in rivers,MG_L,mg PO4 per litre,LT,Lithuania,2021,0.205,
06_50,PO4_MG_L,Phosphate in rivers,MG_L,mg PO4 per litre,LU,Luxembourg,2000,,
06_50,PO4_MG_L,Phosphate in rivers,MG_L,mg PO4 per litre,LU,Luxembourg,2001,,
06_50,PO4_MG_L,Phosphate in rivers,MG_L,mg PO4 per litre,LU,Luxembourg,2002,,
06_50,PO4_MG_L,Phosphate in rivers,MG_L,mg PO4 per litre,LU,Luxembourg,2003,,
06_50,PO4_MG_L,Phosphate in rivers,MG_L,mg PO4 per litre,LU,Luxembourg,2004,,
06_50,PO4_MG_L,Phosphate in rivers,MG_L,mg PO4 per litre,LU,Luxembourg,2005,,
06_50,PO4_MG_L,Phosphate in rivers,MG_L,mg PO4 per litre,LU,Luxembourg,2006,,
06_50,PO4_MG_L,Phosphate in rivers,MG_L,mg PO4 per litre,LU,Luxembourg,2007,,
06_50,PO4_MG_L,Phosphate in rivers,MG_L,mg PO4 per litre,LU,Luxembourg,2008,,
06_50,PO4_MG_L,Phosphate in rivers,MG_L,mg PO4 per litre,LU,Luxembourg,2009,,
06_50,PO4_MG_L,Phosphate in rivers,MG_L,mg PO4 per litre,LU,Luxembourg,2010,,
06_50,PO4_MG_L,Phosphate in rivers,MG_L,mg PO4 per litre,LU,Luxembourg,2011,,
06_50,PO4_MG_L,Phosphate in rivers,MG_L,mg PO4 per litre,LU,Luxembourg,2012,,
06_50,PO4_MG_L,Phosphate in rivers,MG_L,mg PO4 per litre,LU,Luxembourg,2013,,
06_50,PO4_MG_L,Phosphate in rivers,MG_L,mg PO4 per litre,LU,Luxembourg,2014,,
06_50,PO4_MG_L,Phosphate in rivers,MG_L,mg PO4 per litre,LU,Luxembourg,2015,,
06_50,PO4_MG_L,Phosphate in rivers,MG_L,mg PO4 per litre,LU,Luxembourg,2016,,
06_50,PO4_MG_L,Phosphate in rivers,MG_L,mg PO4 per litre,LU,Luxembourg,2017,,
06_50,PO4_MG_L,Phosphate in rivers,MG_L,mg PO4 per litre,LU,Luxembourg,2018,,
06_50,PO4_MG_L,Phosphate in rivers,MG_L,mg PO4 per litre,LU,Luxembourg,2019,,
06_50,PO4_MG_L,Phosphate in rivers,MG_L,mg PO4 per litre,LU,Luxembourg,2020,,
06_50,PO4_MG_L,Phosphate in rivers,MG_L,mg PO4 per litre,LU,Luxembourg,2021,,
06_50,PO4_MG_L,Phosphate in rivers,MG_L,mg PO4 per litre,LV,Latvia,2000,0.029,
06_50,PO4_MG_L,Phosphate in rivers,MG_L,mg PO4 per litre,LV,Latvia,2001,0.033,
06_50,PO4_MG_L,Phosphate in rivers,MG_L,mg PO4 per litre,LV,Latvia,2002,0.028,
06_50,PO4_MG_L,Phosphate in rivers,MG_L,mg PO4 per litre,LV,Latvia,2003,0.034,
06_50,PO4_MG_L,Phosphate in rivers,MG_L,mg PO4 per litre,LV,Latvia,2004,0.026,
06_50,PO4_MG_L,Phosphate in rivers,MG_L,mg PO4 per litre,LV,Latvia,2005,0.023,
06_50,PO4_MG_L,Phosphate in rivers,MG_L,mg PO4 per litre,LV,Latvia,2006,0.031,
06_50,PO4_MG_L,Phosphate in rivers,MG_L,mg PO4 per litre,LV,Latvia,2007,0.022,
06_50,PO4_MG_L,Phosphate in rivers,MG_L,mg PO4 per litre,LV,Latvia,2008,0.021,
06_50,PO4_MG_L,Phosphate in rivers,MG_L,mg PO4 per litre,LV,Latvia,2009,0.015,
06_50,PO4_MG_L,Phosphate in rivers,MG_L,mg PO4 per litre,LV,Latvia,2010,0.026,
06_50,PO4_MG_L,Phosphate in rivers,MG_L,mg PO4 per litre,LV,Latvia,2011,0.021,
06_50,PO4_MG_L,Phosphate in rivers,MG_L,mg PO4 per litre,LV,Latvia,2012,0.02,
06_50,PO4_MG_L,Phosphate in rivers,MG_L,mg PO4 per litre,LV,Latvia,2013,0.017,
06_50,PO4_MG_L,Phosphate in rivers,MG_L,mg PO4 per litre,LV,Latvia,2014,0.017,
06_50,PO4_MG_L,Phosphate in rivers,MG_L,mg PO4 per litre,LV,Latvia,2015,0.013,
06_50,PO4_MG_L,Phosphate in rivers,MG_L,mg PO4 per litre,LV,Latvia,2016,0.019,
06_50,PO4_MG_L,Phosphate in rivers,MG_L,mg PO4 per litre,LV,Latvia,2017,0.019,
06_50,PO4_MG_L,Phosphate in rivers,MG_L,mg PO4 per litre,LV,Latvia,2018,0.018,
06_50,PO4_MG_L,Phosphate in rivers,MG_L,mg PO4 per litre,LV,Latvia,2019,0.019,
06_50,PO4_MG_L,Phosphate in rivers,MG_L,mg PO4 per litre,LV,Latvia,2020,0.02,
06_50,PO4_MG_L,Phosphate in rivers,MG_L,mg PO4 per litre,LV,Latvia,2021,0.017,
06_50,PO4_MG_L,Phosphate in rivers,MG_L,mg PO4 per litre,MT,Malta,2000,,
06_50,PO4_MG_L,Phosphate in rivers,MG_L,mg PO4 per litre,MT,Malta,2001,,
06_50,PO4_MG_L,Phosphate in rivers,MG_L,mg PO4 per litre,MT,Malta,2002,,
06_50,PO4_MG_L,Phosphate in rivers,MG_L,mg PO4 per litre,MT,Malta,2003,,
06_50,PO4_MG_L,Phosphate in rivers,MG_L,mg PO4 per litre,MT,Malta,2004,,
06_50,PO4_MG_L,Phosphate in rivers,MG_L,mg PO4 per litre,MT,Malta,2005,,
06_50,PO4_MG_L,Phosphate in rivers,MG_L,mg PO4 per litre,MT,Malta,2006,,
06_50,PO4_MG_L,Phosphate in rivers,MG_L,mg PO4 per litre,MT,Malta,2007,,
06_50,PO4_MG_L,Phosphate in rivers,MG_L,mg PO4 per litre,MT,Malta,2008,,
06_50,PO4_MG_L,Phosphate in rivers,MG_L,mg PO4 per litre,MT,Malta,2009,,
06_50,PO4_MG_L,Phosphate in rivers,MG_L,mg PO4 per litre,MT,Malta,2010,,
06_50,PO4_MG_L,Phosphate in rivers,MG_L,mg PO4 per litre,MT,Malta,2011,,
06_50,PO4_MG_L,Phosphate in rivers,MG_L,mg PO4 per litre,MT,Malta,2012,,
06_50,PO4_MG_L,Phosphate in rivers,MG_L,mg PO4 per litre,MT,Malta,2013,,
06_50,PO4_MG_L,Phosphate in rivers,MG_L,mg PO4 per litre,MT,Malta,2014,,
06_50,PO4_MG_L,Phosphate in rivers,MG_L,mg PO4 per litre,MT,Malta,2015,,
06_50,PO4_MG_L,Phosphate in rivers,MG_L,mg PO4 per litre,MT,Malta,2016,,
06_50,PO4_MG_L,Phosphate in rivers,MG_L,mg PO4 per litre,MT,Malta,2017,,
06_50,PO4_MG_L,Phosphate in rivers,MG_L,mg PO4 per litre,MT,Malta,2018,,
06_50,PO4_MG_L,Phosphate in rivers,MG_L,mg PO4 per litre,MT,Malta,2019,,
06_50,PO4_MG_L,Phosphate in rivers,MG_L,mg PO4 per litre,MT,Malta,2020,,
06_50,PO4_MG_L,Phosphate in rivers,MG_L,mg PO4 per litre,MT,Malta,2021,,
06_50,PO4_MG_L,Phosphate in rivers,MG_L,mg PO4 per litre,NL,Netherlands,2000,,
06_50,PO4_MG_L,Phosphate in rivers,MG_L,mg PO4 per litre,NL,Netherlands,2001,,
06_50,PO4_MG_L,Phosphate in rivers,MG_L,mg PO4 per litre,NL,Netherlands,2002,,
06_50,PO4_MG_L,Phosphate in rivers,MG_L,mg PO4 per litre,NL,Netherlands,2003,,
06_50,PO4_MG_L,Phosphate in rivers,MG_L,mg PO4 per litre,NL,Netherlands,2004,,
06_50,PO4_MG_L,Phosphate in rivers,MG_L,mg PO4 per litre,NL,Netherlands,2005,,
06_50,PO4_MG_L,Phosphate in rivers,MG_L,mg PO4 per litre,NL,Netherlands,2006,,
06_50,PO4_MG_L,Phosphate in rivers,MG_L,mg PO4 per litre,NL,Netherlands,2007,,
06_50,PO4_MG_L,Phosphate in rivers,MG_L,mg PO4 per litre,NL,Netherlands,2008,,
06_50,PO4_MG_L,Phosphate in rivers,MG_L,mg PO4 per litre,NL,Netherlands,2009,,
06_50,PO4_MG_L,Phosphate in rivers,MG_L,mg PO4 per litre,NL,Netherlands,2010,,
06_50,PO4_MG_L,Phosphate in rivers,MG_L,mg PO4 per litre,NL,Netherlands,2011,,
06_50,PO4_MG_L,Phosphate in rivers,MG_L,mg PO4 per litre,NL,Netherlands,2012,,
06_50,PO4_MG_L,Phosphate in rivers,MG_L,mg PO4 per litre,NL,Netherlands,2013,,
06_50,PO4_MG_L,Phosphate in rivers,MG_L,mg PO4 per litre,NL,Netherlands,2014,,
06_50,PO4_MG_L,Phosphate in rivers,MG_L,mg PO4 per litre,NL,Netherlands,2015,,
06_50,PO4_MG_L,Phosphate in rivers,MG_L,mg PO4 per litre,NL,Netherlands,2016,,
06_50,PO4_MG_L,Phosphate in rivers,MG_L,mg PO4 per litre,NL,Netherlands,2017,,
06_50,PO4_MG_L,Phosphate in rivers,MG_L,mg PO4 per litre,NL,Netherlands,2018,,
06_50,PO4_MG_L,Phosphate in rivers,MG_L,mg PO4 per litre,NL,Netherlands,2019,,
06_50,PO4_MG_L,Phosphate in rivers,MG_L,mg PO4 per litre,NL,Netherlands,2020,,
06_50,PO4_MG_L,Phosphate in rivers,MG_L,mg PO4 per litre,NL,Netherlands,2021,,
06_50,PO4_MG_L,Phosphate in rivers,MG_L,mg PO4 per litre,PL,Poland,2000,,
06_50,PO4_MG_L,Phosphate in rivers,MG_L,mg PO4 per litre,PL,Poland,2001,,
06_50,PO4_MG_L,Phosphate in rivers,MG_L,mg PO4 per litre,PL,Poland,2002,,
06_50,PO4_MG_L,Phosphate in rivers,MG_L,mg PO4 per litre,PL,Poland,2003,,
06_50,PO4_MG_L,Phosphate in rivers,MG_L,mg PO4 per litre,PL,Poland,2004,,
06_50,PO4_MG_L,Phosphate in rivers,MG_L,mg PO4 per litre,PL,Poland,2005,,
06_50,PO4_MG_L,Phosphate in rivers,MG_L,mg PO4 per litre,PL,Poland,2006,,
06_50,PO4_MG_L,Phosphate in rivers,MG_L,mg PO4 per litre,PL,Poland,2007,,
06_50,PO4_MG_L,Phosphate in rivers,MG_L,mg PO4 per litre,PL,Poland,2008,,
06_50,PO4_MG_L,Phosphate in rivers,MG_L,mg PO4 per litre,PL,Poland,2009,,
06_50,PO4_MG_L,Phosphate in rivers,MG_L,mg PO4 per litre,PL,Poland,2010,,
06_50,PO4_MG_L,Phosphate in rivers,MG_L,mg PO4 per litre,PL,Poland,2011,,
06_50,PO4_MG_L,Phosphate in rivers,MG_L,mg PO4 per litre,PL,Poland,2012,,
06_50,PO4_MG_L,Phosphate in rivers,MG_L,mg PO4 per litre,PL,Poland,2013,,
06_50,PO4_MG_L,Phosphate in rivers,MG_L,mg PO4 per litre,PL,Poland,2014,,
06_50,PO4_MG_L,Phosphate in rivers,MG_L,mg PO4 per litre,PL,Poland,2015,,
06_50,PO4_MG_L,Phosphate in rivers,MG_L,mg PO4 per litre,PL,Poland,2016,,
06_50,PO4_MG_L,Phosphate in rivers,MG_L,mg PO4 per litre,PL,Poland,2017,,
06_50,PO4_MG_L,Phosphate in rivers,MG_L,mg PO4 per litre,PL,Poland,2018,,
06_50,PO4_MG_L,Phosphate in rivers,MG_L,mg PO4 per litre,PL,Poland,2019,,
06_50,PO4_MG_L,Phosphate in rivers,MG_L,mg PO4 per litre,PL,Poland,2020,,
06_50,PO4_MG_L,Phosphate in rivers,MG_L,mg PO4 per litre,PL,Poland,2021,,
06_50,PO4_MG_L,Phosphate in rivers,MG_L,mg PO4 per litre,PT,Portugal,2000,,
06_50,PO4_MG_L,Phosphate in rivers,MG_L,mg PO4 per litre,PT,Portugal,2001,,
06_50,PO4_MG_L,Phosphate in rivers,MG_L,mg PO4 per litre,PT,Portugal,2002,,
06_50,PO4_MG_L,Phosphate in rivers,MG_L,mg PO4 per litre,PT,Portugal,2003,,
06_50,PO4_MG_L,Phosphate in rivers,MG_L,mg PO4 per litre,PT,Portugal,2004,,
06_50,PO4_MG_L,Phosphate in rivers,MG_L,mg PO4 per litre,PT,Portugal,2005,,
06_50,PO4_MG_L,Phosphate in rivers,MG_L,mg PO4 per litre,PT,Portugal,2006,,
06_50,PO4_MG_L,Phosphate in rivers,MG_L,mg PO4 per litre,PT,Portugal,2007,,
06_50,PO4_MG_L,Phosphate in rivers,MG_L,mg PO4 per litre,PT,Portugal,2008,,
06_50,PO4_MG_L,Phosphate in rivers,MG_L,mg PO4 per litre,PT,Portugal,2009,,
06_50,PO4_MG_L,Phosphate in rivers,MG_L,mg PO4 per litre,PT,Portugal,2010,,
06_50,PO4_MG_L,Phosphate in rivers,MG_L,mg PO4 per litre,PT,Portugal,2011,,
06_50,PO4_MG_L,Phosphate in rivers,MG_L,mg PO4 per litre,PT,Portugal,2012,,
06_50,PO4_MG_L,Phosphate in rivers,MG_L,mg PO4 per litre,PT,Portugal,2013,,
06_50,PO4_MG_L,Phosphate in rivers,MG_L,mg PO4 per litre,PT,Portugal,2014,,
06_50,PO4_MG_L,Phosphate in rivers,MG_L,mg PO4 per litre,PT,Portugal,2015,,
06_50,PO4_MG_L,Phosphate in rivers,MG_L,mg PO4 per litre,PT,Portugal,2016,,
06_50,PO4_MG_L,Phosphate in rivers,MG_L,mg PO4 per litre,PT,Portugal,2017,,
06_50,PO4_MG_L,Phosphate in rivers,MG_L,mg PO4 per litre,PT,Portugal,2018,,
06_50,PO4_MG_L,Phosphate in rivers,MG_L,mg PO4 per litre,PT,Portugal,2019,,
06_50,PO4_MG_L,Phosphate in rivers,MG_L,mg PO4 per litre,PT,Portugal,2020,,
06_50,PO4_MG_L,Phosphate in rivers,MG_L,mg PO4 per litre,PT,Portugal,2021,,
06_50,PO4_MG_L,Phosphate in rivers,MG_L,mg PO4 per litre,RO,Romania,2000,0.15,
06_50,PO4_MG_L,Phosphate in rivers,MG_L,mg PO4 per litre,RO,Romania,2001,0.15,
06_50,PO4_MG_L,Phosphate in rivers,MG_L,mg PO4 per litre,RO,Romania,2002,0.145,
06_50,PO4_MG_L,Phosphate in rivers,MG_L,mg PO4 per litre,RO,Romania,2003,0.16,
06_50,PO4_MG_L,Phosphate in rivers,MG_L,mg PO4 per litre,RO,Romania,2004,0.114,
06_50,PO4_MG_L,Phosphate in rivers,MG_L,mg PO4 per litre,RO,Romania,2005,0.12,
06_50,PO4_MG_L,Phosphate in rivers,MG_L,mg PO4 per litre,RO,Romania,2006,0.107,
06_50,PO4_MG_L,Phosphate in rivers,MG_L,mg PO4 per litre,RO,Romania,2007,0.13,
06_50,PO4_MG_L,Phosphate in rivers,MG_L,mg PO4 per litre,RO,Romania,2008,0.127,
06_50,PO4_MG_L,Phosphate in rivers,MG_L,mg PO4 per litre,RO,Romania,2009,0.127,
06_50,PO4_MG_L,Phosphate in rivers,MG_L,mg PO4 per litre,RO,Romania,2010,0.084,
06_50,PO4_MG_L,Phosphate in rivers,MG_L,mg PO4 per litre,RO,Romania,2011,0.09,
06_50,PO4_MG_L,Phosphate in rivers,MG_L,mg PO4 per litre,RO,Romania,2012,0.102,
06_50,PO4_MG_L,Phosphate in rivers,MG_L,mg PO4 per litre,RO,Romania,2013,0.09,
06_50,PO4_MG_L,Phosphate in rivers,MG_L,mg PO4 per litre,RO,Romania,2014,0.101,
06_50,PO4_MG_L,Phosphate in rivers,MG_L,mg PO4 per litre,RO,Romania,2015,0.105,
06_50,PO4_MG_L,Phosphate in rivers,MG_L,mg PO4 per litre,RO,Romania,2016,0.085,
06_50,PO4_MG_L,Phosphate in rivers,MG_L,mg PO4 per litre,RO,Romania,2017,0.08,
06_50,PO4_MG_L,Phosphate in rivers,MG_L,mg PO4 per litre,RO,Romania,2018,0.095,
06_50,PO4_MG_L,Phosphate in rivers,MG_L,mg PO4 per litre,RO,Romania,2019,0.097,
06_50,PO4_MG_L,Phosphate in rivers,MG_L,mg PO4 per litre,RO,Romania,2020,0.107,
06_50,PO4_MG_L,Phosphate in rivers,MG_L,mg PO4 per litre,RO,Romania,2021,0.087,
06_50,PO4_MG_L,Phosphate in rivers,MG_L,mg PO4 per litre,SE,Sweden,2000,0.009,
06_50,PO4_MG_L,Phosphate in rivers,MG_L,mg PO4 per litre,SE,Sweden,2001,0.01,
06_50,PO4_MG_L,Phosphate in rivers,MG_L,mg PO4 per litre,SE,Sweden,2002,0.012,
06_50,PO4_MG_L,Phosphate in rivers,MG_L,mg PO4 per litre,SE,Sweden,2003,0.011,
06_50,PO4_MG_L,Phosphate in rivers,MG_L,mg PO4 per litre,SE,Sweden,2004,0.014,
06_50,PO4_MG_L,Phosphate in rivers,MG_L,mg PO4 per litre,SE,Sweden,2005,0.012,
06_50,PO4_MG_L,Phosphate in rivers,MG_L,mg PO4 per litre,SE,Sweden,2006,0.012,
06_50,PO4_MG_L,Phosphate in rivers,MG_L,mg PO4 per litre,SE,Sweden,2007,0.011,
06_50,PO4_MG_L,Phosphate in rivers,MG_L,mg PO4 per litre,SE,Sweden,2008,0.011,
06_50,PO4_MG_L,Phosphate in rivers,MG_L,mg PO4 per litre,SE,Sweden,2009,0.01,
06_50,PO4_MG_L,Phosphate in rivers,MG_L,mg PO4 per litre,SE,Sweden,2010,0.012,
06_50,PO4_MG_L,Phosphate in rivers,MG_L,mg PO4 per litre,SE,Sweden,2011,0.012,
06_50,PO4_MG_L,Phosphate in rivers,MG_L,mg PO4 per litre,SE,Sweden,2012,0.01,
06_50,PO4_MG_L,Phosphate in rivers,MG_L,mg PO4 per litre,SE,Sweden,2013,0.01,
06_50,PO4_MG_L,Phosphate in rivers,MG_L,mg PO4 per litre,SE,Sweden,2014,0.009,
06_50,PO4_MG_L,Phosphate in rivers,MG_L,mg PO4 per litre,SE,Sweden,2015,0.008,
06_50,PO4_MG_L,Phosphate in rivers,MG_L,mg PO4 per litre,SE,Sweden,2016,0.008,
06_50,PO4_MG_L,Phosphate in rivers,MG_L,mg PO4 per litre,SE,Sweden,2017,0.007,
06_50,PO4_MG_L,Phosphate in rivers,MG_L,mg PO4 per litre,SE,Sweden,2018,0.007,
06_50,PO4_MG_L,Phosphate in rivers,MG_L,mg PO4 per litre,SE,Sweden,2019,0.007,
06_50,PO4_MG_L,Phosphate in rivers,MG_L,mg PO4 per litre,SE,Sweden,2020,0.007,
06_50,PO4_MG_L,Phosphate in rivers,MG_L,mg PO4 per litre,SE,Sweden,2021,0.007,
06_50,PO4_MG_L,Phosphate in rivers,MG_L,mg PO4 per litre,SI,Slovenia,2000,0.048,
06_50,PO4_MG_L,Phosphate in rivers,MG_L,mg PO4 per litre,SI,Slovenia,2001,0.047,
06_50,PO4_MG_L,Phosphate in rivers,MG_L,mg PO4 per litre,SI,Slovenia,2002,0.045,
06_50,PO4_MG_L,Phosphate in rivers,MG_L,mg PO4 per litre,SI,Slovenia,2003,0.043,
06_50,PO4_MG_L,Phosphate in rivers,MG_L,mg PO4 per litre,SI,Slovenia,2004,0.031,
06_50,PO4_MG_L,Phosphate in rivers,MG_L,mg PO4 per litre,SI,Slovenia,2005,0.038,
06_50,PO4_MG_L,Phosphate in rivers,MG_L,mg PO4 per litre,SI,Slovenia,2006,0.054,
06_50,PO4_MG_L,Phosphate in rivers,MG_L,mg PO4 per litre,SI,Slovenia,2007,0.046,
06_50,PO4_MG_L,Phosphate in rivers,MG_L,mg PO4 per litre,SI,Slovenia,2008,0.032,
06_50,PO4_MG_L,Phosphate in rivers,MG_L,mg PO4 per litre,SI,Slovenia,2009,0.034,
06_50,PO4_MG_L,Phosphate in rivers,MG_L,mg PO4 per litre,SI,Slovenia,2010,0.026,
06_50,PO4_MG_L,Phosphate in rivers,MG_L,mg PO4 per litre,SI,Slovenia,2011,0.032,
06_50,PO4_MG_L,Phosphate in rivers,MG_L,mg PO4 per litre,SI,Slovenia,2012,0.035,
06_50,PO4_MG_L,Phosphate in rivers,MG_L,mg PO4 per litre,SI,Slovenia,2013,0.023,
06_50,PO4_MG_L,Phosphate in rivers,MG_L,mg PO4 per litre,SI,Slovenia,2014,0.027,
06_50,PO4_MG_L,Phosphate in rivers,MG_L,mg PO4 per litre,SI,Slovenia,2015,0.045,
06_50,PO4_MG_L,Phosphate in rivers,MG_L,mg PO4 per litre,SI,Slovenia,2016,0.039,
06_50,PO4_MG_L,Phosphate in rivers,MG_L,mg PO4 per litre,SI,Slovenia,2017,0.033,
06_50,PO4_MG_L,Phosphate in rivers,MG_L,mg PO4 per litre,SI,Slovenia,2018,0.029,
06_50,PO4_MG_L,Phosphate in rivers,MG_L,mg PO4 per litre,SI,Slovenia,2019,0.029,
06_50,PO4_MG_L,Phosphate in rivers,MG_L,mg PO4 per litre,SI,Slovenia,2020,0.029,
06_50,PO4_MG_L,Phosphate in rivers,MG_L,mg PO4 per litre,SI,Slovenia,2021,0.029,
06_50,PO4_MG_L,Phosphate in rivers,MG_L,mg PO4 per litre,SK,Slovakia,2000,0.184,
06_50,PO4_MG_L,Phosphate in rivers,MG_L,mg PO4 per litre,SK,Slovakia,2001,0.163,
06_50,PO4_MG_L,Phosphate in rivers,MG_L,mg PO4 per litre,SK,Slovakia,2002,0.143,
06_50,PO4_MG_L,Phosphate in rivers,MG_L,mg PO4 per litre,SK,Slovakia,2003,0.186,
06_50,PO4_MG_L,Phosphate in rivers,MG_L,mg PO4 per litre,SK,Slovakia,2004,0.153,
06_50,PO4_MG_L,Phosphate in rivers,MG_L,mg PO4 per litre,SK,Slovakia,2005,0.12,
06_50,PO4_MG_L,Phosphate in rivers,MG_L,mg PO4 per litre,SK,Slovakia,2006,0.117,
06_50,PO4_MG_L,Phosphate in rivers,MG_L,mg PO4 per litre,SK,Slovakia,2007,0.119,
06_50,PO4_MG_L,Phosphate in rivers,MG_L,mg PO4 per litre,SK,Slovakia,2008,0.108,
06_50,PO4_MG_L,Phosphate in rivers,MG_L,mg PO4 per litre,SK,Slovakia,2009,0.104,
06_50,PO4_MG_L,Phosphate in rivers,MG_L,mg PO4 per litre,SK,Slovakia,2010,0.073,
06_50,PO4_MG_L,Phosphate in rivers,MG_L,mg PO4 per litre,SK,Slovakia,2011,0.081,
06_50,PO4_MG_L,Phosphate in rivers,MG_L,mg PO4 per litre,SK,Slovakia,2012,0.102,
06_50,PO4_MG_L,Phosphate in rivers,MG_L,mg PO4 per litre,SK,Slovakia,2013,0.085,
06_50,PO4_MG_L,Phosphate in rivers,MG_L,mg PO4 per litre,SK,Slovakia,2014,0.104,
06_50,PO4_MG_L,Phosphate in rivers,MG_L,mg PO4 per litre,SK,Slovakia,2015,0.092,
06_50,PO4_MG_L,Phosphate in rivers,MG_L,mg PO4 per litre,SK,Slovakia,2016,0.096,
06_50,PO4_MG_L,Phosphate in rivers,MG_L,mg PO4 per litre,SK,Slovakia,2017,0.072,
06_50,PO4_MG_L,Phosphate in rivers,MG_L,mg PO4 per litre,SK,Slovakia,2018,0.072,
06_50,PO4_MG_L,Phosphate in rivers,MG_L,mg PO4 per litre,SK,Slovakia,2019,0.071,
06_50,PO4_MG_L,Phosphate in rivers,MG_L,mg PO4 per litre,SK,Slovakia,2020,0.055,
06_50,PO4_MG_L,Phosphate in rivers,MG_L,mg PO4 per litre,SK,Slovakia,2021,0.05,
06_50,PO4_MG_L,Phosphate in rivers,MG_L,mg PO4 per litre,IS,Iceland,2000,0.008,
06_50,PO4_MG_L,Phosphate in rivers,MG_L,mg PO4 per litre,IS,Iceland,2001,0.008,
06_50,PO4_MG_L,Phosphate in rivers,MG_L,mg PO4 per litre,IS,Iceland,2002,0.009,
06_50,PO4_MG_L,Phosphate in rivers,MG_L,mg PO4 per litre,IS,Iceland,2003,0.009,
06_50,PO4_MG_L,Phosphate in rivers,MG_L,mg PO4 per litre,IS,Iceland,2004,0.013,
06_50,PO4_MG_L,Phosphate in rivers,MG_L,mg PO4 per litre,IS,Iceland,2005,0.013,
06_50,PO4_MG_L,Phosphate in rivers,MG_L,mg PO4 per litre,IS,Iceland,2006,0.008,
06_50,PO4_MG_L,Phosphate in rivers,MG_L,mg PO4 per litre,IS,Iceland,2007,0.011,
06_50,PO4_MG_L,Phosphate in rivers,MG_L,mg PO4 per litre,IS,Iceland,2008,0.007,
06_50,PO4_MG_L,Phosphate in rivers,MG_L,mg PO4 per litre,IS,Iceland,2009,0.002,
06_50,PO4_MG_L,Phosphate in rivers,MG_L,mg PO4 per litre,IS,Iceland,2010,0.006,
06_50,PO4_MG_L,Phosphate in rivers,MG_L,mg PO4 per litre,IS,Iceland,2011,0.008,
06_50,PO4_MG_L,Phosphate in rivers,MG_L,mg PO4 per litre,IS,Iceland,2012,0.006,
06_50,PO4_MG_L,Phosphate in rivers,MG_L,mg PO4 per litre,IS,Iceland,2013,0.007,
06_50,PO4_MG_L,Phosphate in rivers,MG_L,mg PO4 per litre,IS,Iceland,2014,0.01,
06_50,PO4_MG_L,Phosphate in rivers,MG_L,mg PO4 per litre,IS,Iceland,2015,0.007,
06_50,PO4_MG_L,Phosphate in rivers,MG_L,mg PO4 per litre,IS,Iceland,2016,0.026,
06_50,PO4_MG_L,Phosphate in rivers,MG_L,mg PO4 per litre,IS,Iceland,2017,0.022,
06_50,PO4_MG_L,Phosphate in rivers,MG_L,mg PO4 per litre,IS,Iceland,2018,0.023,
06_50,PO4_MG_L,Phosphate in rivers,MG_L,mg PO4 per litre,IS,Iceland,2019,0.026,
06_50,PO4_MG_L,Phosphate in rivers,MG_L,mg PO4 per litre,IS,Iceland,2020,0.021,
06_50,PO4_MG_L,Phosphate in rivers,MG_L,mg PO4 per litre,IS,Iceland,2021,0.021,
06_50,PO4_MG_L,Phosphate in rivers,MG_L,mg PO4 per litre,LI,Liechtenstein,2000,,
06_50,PO4_MG_L,Phosphate in rivers,MG_L,mg PO4 per litre,LI,Liechtenstein,2001,,
06_50,PO4_MG_L,Phosphate in rivers,MG_L,mg PO4 per litre,LI,Liechtenstein,2002,,
06_50,PO4_MG_L,Phosphate in rivers,MG_L,mg PO4 per litre,LI,Liechtenstein,2003,,
06_50,PO4_MG_L,Phosphate in rivers,MG_L,mg PO4 per litre,LI,Liechtenstein,2004,,
06_50,PO4_MG_L,Phosphate in rivers,MG_L,mg PO4 per litre,LI,Liechtenstein,2005,,
06_50,PO4_MG_L,Phosphate in rivers,MG_L,mg PO4 per litre,LI,Liechtenstein,2006,,
06_50,PO4_MG_L,Phosphate in rivers,MG_L,mg PO4 per litre,LI,Liechtenstein,2007,,
06_50,PO4_MG_L,Phosphate in rivers,MG_L,mg PO4 per litre,LI,Liechtenstein,2008,,
06_50,PO4_MG_L,Phosphate in rivers,MG_L,mg PO4 per litre,LI,Liechtenstein,2009,,
06_50,PO4_MG_L,Phosphate in rivers,MG_L,mg PO4 per litre,LI,Liechtenstein,2010,,
06_50,PO4_MG_L,Phosphate in rivers,MG_L,mg PO4 per litre,LI,Liechtenstein,2011,,
06_50,PO4_MG_L,Phosphate in rivers,MG_L,mg PO4 per litre,LI,Liechtenstein,2012,,
06_50,PO4_MG_L,Phosphate in rivers,MG_L,mg PO4 per litre,LI,Liechtenstein,2013,,
06_50,PO4_MG_L,Phosphate in rivers,MG_L,mg PO4 per litre,LI,Liechtenstein,2014,,
06_50,PO4_MG_L,Phosphate in rivers,MG_L,mg PO4 per litre,LI,Liechtenstein,2015,,
06_50,PO4_MG_L,Phosphate in rivers,MG_L,mg PO4 per litre,LI,Liechtenstein,2016,,
06_50,PO4_MG_L,Phosphate in rivers,MG_L,mg PO4 per litre,LI,Liechtenstein,2017,,
06_50,PO4_MG_L,Phosphate in rivers,MG_L,mg PO4 per litre,LI,Liechtenstein,2018,,
06_50,PO4_MG_L,Phosphate in rivers,MG_L,mg PO4 per litre,LI,Liechtenstein,2019,,
06_50,PO4_MG_L,Phosphate in rivers,MG_L,mg PO4 per litre,LI,Liechtenstein,2020,,
06_50,PO4_MG_L,Phosphate in rivers,MG_L,mg PO4 per litre,LI,Liechtenstein,2021,,
06_50,PO4_MG_L,Phosphate in rivers,MG_L,mg PO4 per litre,NO,Norway,2000,0.004,
06_50,PO4_MG_L,Phosphate in rivers,MG_L,mg PO4 per litre,NO,Norway,2001,0.003,
06_50,PO4_MG_L,Phosphate in rivers,MG_L,mg PO4 per litre,NO,Norway,2002,0.004,
06_50,PO4_MG_L,Phosphate in rivers,MG_L,mg PO4 per litre,NO,Norway,2003,0.002,
06_50,PO4_MG_L,Phosphate in rivers,MG_L,mg PO4 per litre,NO,Norway,2004,0.003,
06_50,PO4_MG_L,Phosphate in rivers,MG_L,mg PO4 per litre,NO,Norway,2005,0.002,
06_50,PO4_MG_L,Phosphate in rivers,MG_L,mg PO4 per litre,NO,Norway,2006,0.004,
06_50,PO4_MG_L,Phosphate in rivers,MG_L,mg PO4 per litre,NO,Norway,2007,0.005,
06_50,PO4_MG_L,Phosphate in rivers,MG_L,mg PO4 per litre,NO,Norway,2008,0.003,
06_50,PO4_MG_L,Phosphate in rivers,MG_L,mg PO4 per litre,NO,Norway,2009,0.003,
06_50,PO4_MG_L,Phosphate in rivers,MG_L,mg PO4 per litre,NO,Norway,2010,0.004,
06_50,PO4_MG_L,Phosphate in rivers,MG_L,mg PO4 per litre,NO,Norway,2011,0.005,
06_50,PO4_MG_L,Phosphate in rivers,MG_L,mg PO4 per litre,NO,Norway,2012,0.005,
06_50,PO4_MG_L,Phosphate in rivers,MG_L,mg PO4 per litre,NO,Norway,2013,0.005,
06_50,PO4_MG_L,Phosphate in rivers,MG_L,mg PO4 per litre,NO,Norway,2014,0.005,
06_50,PO4_MG_L,Phosphate in rivers,MG_L,mg PO4 per litre,NO,Norway,2015,0.003,
06_50,PO4_MG_L,Phosphate in rivers,MG_L,mg PO4 per litre,NO,Norway,2016,0.003,
06_50,PO4_MG_L,Phosphate in rivers,MG_L,mg PO4 per litre,NO,Norway,2017,0.004,
06_50,PO4_MG_L,Phosphate in rivers,MG_L,mg PO4 per litre,NO,Norway,2018,0.004,
06_50,PO4_MG_L,Phosphate in rivers,MG_L,mg PO4 per litre,NO,Norway,2019,0.004,
06_50,PO4_MG_L,Phosphate in rivers,MG_L,mg PO4 per litre,NO,Norway,2020,0.004,
06_50,PO4_MG_L,Phosphate in rivers,MG_L,mg PO4 per litre,NO,Norway,2021,0.005,
06_50,PO4_MG_L,Phosphate in rivers,MG_L,mg PO4 per litre,CH,Switzerland,2000,0.025,
06_50,PO4_MG_L,Phosphate in rivers,MG_L,mg PO4 per litre,CH,Switzerland,2001,0.025,
06_50,PO4_MG_L,Phosphate in rivers,MG_L,mg PO4 per litre,CH,Switzerland,2002,0.022,
06_50,PO4_MG_L,Phosphate in rivers,MG_L,mg PO4 per litre,CH,Switzerland,2003,0.02,
06_50,PO4_MG_L,Phosphate in rivers,MG_L,mg PO4 per litre,CH,Switzerland,2004,0.021,
06_50,PO4_MG_L,Phosphate in rivers,MG_L,mg PO4 per litre,CH,Switzerland,2005,0.02,
06_50,PO4_MG_L,Phosphate in rivers,MG_L,mg PO4 per litre,CH,Switzerland,2006,0.024,
06_50,PO4_MG_L,Phosphate in rivers,MG_L,mg PO4 per litre,CH,Switzerland,2007,0.02,
06_50,PO4_MG_L,Phosphate in rivers,MG_L,mg PO4 per litre,CH,Switzerland,2008,0.019,
06_50,PO4_MG_L,Phosphate in rivers,MG_L,mg PO4 per litre,CH,Switzerland,2009,0.019,
06_50,PO4_MG_L,Phosphate in rivers,MG_L,mg PO4 per litre,CH,Switzerland,2010,0.019,
06_50,PO4_MG_L,Phosphate in rivers,MG_L,mg PO4 per litre,CH,Switzerland,2011,0.021,
06_50,PO4_MG_L,Phosphate in rivers,MG_L,mg PO4 per litre,CH,Switzerland,2012,0.019,
06_50,PO4_MG_L,Phosphate in rivers,MG_L,mg PO4 per litre,CH,Switzerland,2013,0.015,
06_50,PO4_MG_L,Phosphate in rivers,MG_L,mg PO4 per litre,CH,Switzerland,2014,0.016,
06_50,PO4_MG_L,Phosphate in rivers,MG_L,mg PO4 per litre,CH,Switzerland,2015,0.021,
06_50,PO4_MG_L,Phosphate in rivers,MG_L,mg PO4 per litre,CH,Switzerland,2016,0.019,
06_50,PO4_MG_L,Phosphate in rivers,MG_L,mg PO4 per litre,CH,Switzerland,2017,0.016,
06_50,PO4_MG_L,Phosphate in rivers,MG_L,mg PO4 per litre,CH,Switzerland,2018,0.013,
06_50,PO4_MG_L,Phosphate in rivers,MG_L,mg PO4 per litre,CH,Switzerland,2019,0.015,
06_50,PO4_MG_L,Phosphate in rivers,MG_L,mg PO4 per litre,CH,Switzerland,2020,0.016,
06_50,PO4_MG_L,Phosphate in rivers,MG_L,mg PO4 per litre,CH,Switzerland,2021,0.016,
06_50,PO4_MG_L,Phosphate in rivers,MG_L,mg PO4 per litre,BA,Bosnia and Herzegovina,2000,,
06_50,PO4_MG_L,Phosphate in rivers,MG_L,mg PO4 per litre,BA,Bosnia and Herzegovina,2001,,
06_50,PO4_MG_L,Phosphate in rivers,MG_L,mg PO4 per litre,BA,Bosnia and Herzegovina,2002,,
06_50,PO4_MG_L,Phosphate in rivers,MG_L,mg PO4 per litre,BA,Bosnia and Herzegovina,2003,,
06_50,PO4_MG_L,Phosphate in rivers,MG_L,mg PO4 per litre,BA,Bosnia and Herzegovina,2004,,
06_50,PO4_MG_L,Phosphate in rivers,MG_L,mg PO4 per litre,BA,Bosnia and Herzegovina,2005,,
06_50,PO4_MG_L,Phosphate in rivers,MG_L,mg PO4 per litre,BA,Bosnia and Herzegovina,2006,,
06_50,PO4_MG_L,Phosphate in rivers,MG_L,mg PO4 per litre,BA,Bosnia and Herzegovina,2007,,
06_50,PO4_MG_L,Phosphate in rivers,MG_L,mg PO4 per litre,BA,Bosnia and Herzegovina,2008,,
06_50,PO4_MG_L,Phosphate in rivers,MG_L,mg PO4 per litre,BA,Bosnia and Herzegovina,2009,,
06_50,PO4_MG_L,Phosphate in rivers,MG_L,mg PO4 per litre,BA,Bosnia and Herzegovina,2010,,
06_50,PO4_MG_L,Phosphate in rivers,MG_L,mg PO4 per litre,BA,Bosnia and Herzegovina,2011,,
06_50,PO4_MG_L,Phosphate in rivers,MG_L,mg PO4 per litre,BA,Bosnia and Herzegovina,2012,,
06_50,PO4_MG_L,Phosphate in rivers,MG_L,mg PO4 per litre,BA,Bosnia and Herzegovina,2013,,
06_50,PO4_MG_L,Phosphate in rivers,MG_L,mg PO4 per litre,BA,Bosnia and Herzegovina,2014,,
06_50,PO4_MG_L,Phosphate in rivers,MG_L,mg PO4 per litre,BA,Bosnia and Herzegovina,2015,,
06_50,PO4_MG_L,Phosphate in rivers,MG_L,mg PO4 per litre,BA,Bosnia and Herzegovina,2016,,
06_50,PO4_MG_L,Phosphate in rivers,MG_L,mg PO4 per litre,BA,Bosnia and Herzegovina,2017,,
06_50,PO4_MG_L,Phosphate in rivers,MG_L,mg PO4 per litre,BA,Bosnia and Herzegovina,2018,,
06_50,PO4_MG_L,Phosphate in rivers,MG_L,mg PO4 per litre,BA,Bosnia and Herzegovina,2019,,
06_50,PO4_MG_L,Phosphate in rivers,MG_L,mg PO4 per litre,BA,Bosnia and Herzegovina,2020,,
06_50,PO4_MG_L,Phosphate in rivers,MG_L,mg PO4 per litre,BA,Bosnia and Herzegovina,2021,,
06_50,PO4_MG_L,Phosphate in rivers,MG_L,mg PO4 per litre,ME,Montenegro,2000,,
06_50,PO4_MG_L,Phosphate in rivers,MG_L,mg PO4 per litre,ME,Montenegro,2001,,
06_50,PO4_MG_L,Phosphate in rivers,MG_L,mg PO4 per litre,ME,Montenegro,2002,,
06_50,PO4_MG_L,Phosphate in rivers,MG_L,mg PO4 per litre,ME,Montenegro,2003,,
06_50,PO4_MG_L,Phosphate in rivers,MG_L,mg PO4 per litre,ME,Montenegro,2004,,
06_50,PO4_MG_L,Phosphate in rivers,MG_L,mg PO4 per litre,ME,Montenegro,2005,,
06_50,PO4_MG_L,Phosphate in rivers,MG_L,mg PO4 per litre,ME,Montenegro,2006,,
06_50,PO4_MG_L,Phosphate in rivers,MG_L,mg PO4 per litre,ME,Montenegro,2007,,
06_50,PO4_MG_L,Phosphate in rivers,MG_L,mg PO4 per litre,ME,Montenegro,2008,,
06_50,PO4_MG_L,Phosphate in rivers,MG_L,mg PO4 per litre,ME,Montenegro,2009,,
06_50,PO4_MG_L,Phosphate in rivers,MG_L,mg PO4 per litre,ME,Montenegro,2010,,
06_50,PO4_MG_L,Phosphate in rivers,MG_L,mg PO4 per litre,ME,Montenegro,2011,,
06_50,PO4_MG_L,Phosphate in rivers,MG_L,mg PO4 per litre,ME,Montenegro,2012,,
06_50,PO4_MG_L,Phosphate in rivers,MG_L,mg PO4 per litre,ME,Montenegro,2013,,
06_50,PO4_MG_L,Phosphate in rivers,MG_L,mg PO4 per litre,ME,Montenegro,2014,,
06_50,PO4_MG_L,Phosphate in rivers,MG_L,mg PO4 per litre,ME,Montenegro,2015,,
06_50,PO4_MG_L,Phosphate in rivers,MG_L,mg PO4 per litre,ME,Montenegro,2016,,
06_50,PO4_MG_L,Phosphate in rivers,MG_L,mg PO4 per litre,ME,Montenegro,2017,,
06_50,PO4_MG_L,Phosphate in rivers,MG_L,mg PO4 per litre,ME,Montenegro,2018,,
06_50,PO4_MG_L,Phosphate in rivers,MG_L,mg PO4 per litre,ME,Montenegro,2019,,
06_50,PO4_MG_L,Phosphate in rivers,MG_L,mg PO4 per litre,ME,Montenegro,2020,,
06_50,PO4_MG_L,Phosphate in rivers,MG_L,mg PO4 per litre,ME,Montenegro,2021,,
06_50,PO4_MG_L,Phosphate in rivers,MG_L,mg PO4 per litre,MK,North Macedonia,2000,0.473,
06_50,PO4_MG_L,Phosphate in rivers,MG_L,mg PO4 per litre,MK,North Macedonia,2001,0.271,
06_50,PO4_MG_L,Phosphate in rivers,MG_L,mg PO4 per litre,MK,North Macedonia,2002,0.397,
06_50,PO4_MG_L,Phosphate in rivers,MG_L,mg PO4 per litre,MK,North Macedonia,2003,0.444,
06_50,PO4_MG_L,Phosphate in rivers,MG_L,mg PO4 per litre,MK,North Macedonia,2004,0.411,
06_50,PO4_MG_L,Phosphate in rivers,MG_L,mg PO4 per litre,MK,North Macedonia,2005,0.239,
06_50,PO4_MG_L,Phosphate in rivers,MG_L,mg PO4 per litre,MK,North Macedonia,2006,0.196,
06_50,PO4_MG_L,Phosphate in rivers,MG_L,mg PO4 per litre,MK,North Macedonia,2007,0.239,
06_50,PO4_MG_L,Phosphate in rivers,MG_L,mg PO4 per litre,MK,North Macedonia,2008,0.235,
06_50,PO4_MG_L,Phosphate in rivers,MG_L,mg PO4 per litre,MK,North Macedonia,2009,0.246,
06_50,PO4_MG_L,Phosphate in rivers,MG_L,mg PO4 per litre,MK,North Macedonia,2010,0.159,
06_50,PO4_MG_L,Phosphate in rivers,MG_L,mg PO4 per litre,MK,North Macedonia,2011,0.192,
06_50,PO4_MG_L,Phosphate in rivers,MG_L,mg PO4 per litre,MK,North Macedonia,2012,0.221,
06_50,PO4_MG_L,Phosphate in rivers,MG_L,mg PO4 per litre,MK,North Macedonia,2013,0.062,
06_50,PO4_MG_L,Phosphate in rivers,MG_L,mg PO4 per litre,MK,North Macedonia,2014,0.094,
06_50,PO4_MG_L,Phosphate in rivers,MG_L,mg PO4 per litre,MK,North Macedonia,2015,0.063,
06_50,PO4_MG_L,Phosphate in rivers,MG_L,mg PO4 per litre,MK,North Macedonia,2016,0.066,
06_50,PO4_MG_L,Phosphate in rivers,MG_L,mg PO4 per litre,MK,North Macedonia,2017,0.085,
06_50,PO4_MG_L,Phosphate in rivers,MG_L,mg PO4 per litre,MK,North Macedonia,2018,0.065,
06_50,PO4_MG_L,Phosphate in rivers,MG_L,mg PO4 per litre,MK,North Macedonia,2019,0.094,
06_50,PO4_MG_L,Phosphate in rivers,MG_L,mg PO4 per litre,MK,North Macedonia,2020,0.09,
06_50,PO4_MG_L,Phosphate in rivers,MG_L,mg PO4 per litre,MK,North Macedonia,2021,0.079,
06_50,PO4_MG_L,Phosphate in rivers,MG_L,mg PO4 per litre,AL,Albania,2000,0.025,
06_50,PO4_MG_L,Phosphate in rivers,MG_L,mg PO4 per litre,AL,Albania,2001,0.024,
06_50,PO4_MG_L,Phosphate in rivers,MG_L,mg PO4 per litre,AL,Albania,2002,0.026,
06_50,PO4_MG_L,Phosphate in rivers,MG_L,mg PO4 per litre,AL,Albania,2003,0.027,
06_50,PO4_MG_L,Phosphate in rivers,MG_L,mg PO4 per litre,AL,Albania,2004,0.018,
06_50,PO4_MG_L,Phosphate in rivers,MG_L,mg PO4 per litre,AL,Albania,2005,0.061,
06_50,PO4_MG_L,Phosphate in rivers,MG_L,mg PO4 per litre,AL,Albania,2006,0.096,
06_50,PO4_MG_L,Phosphate in rivers,MG_L,mg PO4 per litre,AL,Albania,2007,0.087,
06_50,PO4_MG_L,Phosphate in rivers,MG_L,mg PO4 per litre,AL,Albania,2008,0.285,
06_50,PO4_MG_L,Phosphate in rivers,MG_L,mg PO4 per litre,AL,Albania,2009,0.14,
06_50,PO4_MG_L,Phosphate in rivers,MG_L,mg PO4 per litre,AL,Albania,2010,0.259,
06_50,PO4_MG_L,Phosphate in rivers,MG_L,mg PO4 per litre,AL,Albania,2011,0.118,
06_50,PO4_MG_L,Phosphate in rivers,MG_L,mg PO4 per litre,AL,Albania,2012,0.051,
06_50,PO4_MG_L,Phosphate in rivers,MG_L,mg PO4 per litre,AL,Albania,2013,0.048,
06_50,PO4_MG_L,Phosphate in rivers,MG_L,mg PO4 per litre,AL,Albania,2014,0.045,
06_50,PO4_MG_L,Phosphate in rivers,MG_L,mg PO4 per litre,AL,Albania,2015,0.042,
06_50,PO4_MG_L,Phosphate in rivers,MG_L,mg PO4 per litre,AL,Albania,2016,0.285,
06_50,PO4_MG_L,Phosphate in rivers,MG_L,mg PO4 per litre,AL,Albania,2017,0.135,
06_50,PO4_MG_L,Phosphate in rivers,MG_L,mg PO4 per litre,AL,Albania,2018,0.091,
06_50,PO4_MG_L,Phosphate in rivers,MG_L,mg PO4 per litre,AL,Albania,2019,0.058,
06_50,PO4_MG_L,Phosphate in rivers,MG_L,mg PO4 per litre,AL,Albania,2020,0.082,
06_50,PO4_MG_L,Phosphate in rivers,MG_L,mg PO4 per litre,AL,Albania,2021,0.051,
06_50,PO4_MG_L,Phosphate in rivers,MG_L,mg PO4 per litre,RS,Serbia,2000,0.076,
06_50,PO4_MG_L,Phosphate in rivers,MG_L,mg PO4 per litre,RS,Serbia,2001,0.08,
06_50,PO4_MG_L,Phosphate in rivers,MG_L,mg PO4 per litre,RS,Serbia,2002,0.077,
06_50,PO4_MG_L,Phosphate in rivers,MG_L,mg PO4 per litre,RS,Serbia,2003,0.087,
06_50,PO4_MG_L,Phosphate in rivers,MG_L,mg PO4 per litre,RS,Serbia,2004,0.07,
06_50,PO4_MG_L,Phosphate in rivers,MG_L,mg PO4 per litre,RS,Serbia,2005,0.084,
06_50,PO4_MG_L,Phosphate in rivers,MG_L,mg PO4 per litre,RS,Serbia,2006,0.089,
06_50,PO4_MG_L,Phosphate in rivers,MG_L,mg PO4 per litre,RS,Serbia,2007,0.081,
06_50,PO4_MG_L,Phosphate in rivers,MG_L,mg PO4 per litre,RS,Serbia,2008,0.082,
06_50,PO4_MG_L,Phosphate in rivers,MG_L,mg PO4 per litre,RS,Serbia,2009,0.076,
06_50,PO4_MG_L,Phosphate in rivers,MG_L,mg PO4 per litre,RS,Serbia,2010,0.08,
06_50,PO4_MG_L,Phosphate in rivers,MG_L,mg PO4 per litre,RS,Serbia,2011,0.074,
06_50,PO4_MG_L,Phosphate in rivers,MG_L,mg PO4 per litre,RS,Serbia,2012,0.081,
06_50,PO4_MG_L,Phosphate in rivers,MG_L,mg PO4 per litre,RS,Serbia,2013,0.065,
06_50,PO4_MG_L,Phosphate in rivers,MG_L,mg PO4 per litre,RS,Serbia,2014,0.07,
06_50,PO4_MG_L,Phosphate in rivers,MG_L,mg PO4 per litre,RS,Serbia,2015,0.075,
06_50,PO4_MG_L,Phosphate in rivers,MG_L,mg PO4 per litre,RS,Serbia,2016,0.069,
06_50,PO4_MG_L,Phosphate in rivers,MG_L,mg PO4 per litre,RS,Serbia,2017,0.066,
06_50,PO4_MG_L,Phosphate in rivers,MG_L,mg PO4 per litre,RS,Serbia,2018,0.062,
06_50,PO4_MG_L,Phosphate in rivers,MG_L,mg PO4 per litre,RS,Serbia,2019,0.066,
06_50,PO4_MG_L,Phosphate in rivers,MG_L,mg PO4 per litre,RS,Serbia,2020,0.065,
06_50,PO4_MG_L,Phosphate in rivers,MG_L,mg PO4 per litre,RS,Serbia,2021,0.065,
06_50,PO4_MG_L,Phosphate in rivers,MG_L,mg PO4 per litre,TR,Türkiye,2000,,
06_50,PO4_MG_L,Phosphate in rivers,MG_L,mg PO4 per litre,TR,Türkiye,2001,,
06_50,PO4_MG_L,Phosphate in rivers,MG_L,mg PO4 per litre,TR,Türkiye,2002,,
06_50,PO4_MG_L,Phosphate in rivers,MG_L,mg PO4 per litre,TR,Türkiye,2003,,
06_50,PO4_MG_L,Phosphate in rivers,MG_L,mg PO4 per litre,TR,Türkiye,2004,,
06_50,PO4_MG_L,Phosphate in rivers,MG_L,mg PO4 per litre,TR,Türkiye,2005,,
06_50,PO4_MG_L,Phosphate in rivers,MG_L,mg PO4 per litre,TR,Türkiye,2006,,
06_50,PO4_MG_L,Phosphate in rivers,MG_L,mg PO4 per litre,TR,Türkiye,2007,,
06_50,PO4_MG_L,Phosphate in rivers,MG_L,mg PO4 per litre,TR,Türkiye,2008,,
06_50,PO4_MG_L,Phosphate in rivers,MG_L,mg PO4 per litre,TR,Türkiye,2009,,
06_50,PO4_MG_L,Phosphate in rivers,MG_L,mg PO4 per litre,TR,Türkiye,2010,,
06_50,PO4_MG_L,Phosphate in rivers,MG_L,mg PO4 per litre,TR,Türkiye,2011,,
06_50,PO4_MG_L,Phosphate in rivers,MG_L,mg PO4 per litre,TR,Türkiye,2012,,
06_50,PO4_MG_L,Phosphate in rivers,MG_L,mg PO4 per litre,TR,Türkiye,2013,,
06_50,PO4_MG_L,Phosphate in rivers,MG_L,mg PO4 per litre,TR,Türkiye,2014,,
06_50,PO4_MG_L,Phosphate in rivers,MG_L,mg PO4 per litre,TR,Türkiye,2015,,
06_50,PO4_MG_L,Phosphate in rivers,MG_L,mg PO4 per litre,TR,Türkiye,2016,,
06_50,PO4_MG_L,Phosphate in rivers,MG_L,mg PO4 per litre,TR,Türkiye,2017,,
06_50,PO4_MG_L,Phosphate in rivers,MG_L,mg PO4 per litre,TR,Türkiye,2018,,
06_50,PO4_MG_L,Phosphate in rivers,MG_L,mg PO4 per litre,TR,Türkiye,2019,,
06_50,PO4_MG_L,Phosphate in rivers,MG_L,mg PO4 per litre,TR,Türkiye,2020,,
06_50,PO4_MG_L,Phosphate in rivers,MG_L,mg PO4 per litre,TR,Türkiye,2021,,
06_50,PO4_MG_L,Phosphate in rivers,MG_L,mg PO4 per litre,XK,Kosovo (under United Nations Security Council Resolution 1244/99),2000,,
06_50,PO4_MG_L,Phosphate in rivers,MG_L,mg PO4 per litre,XK,Kosovo (under United Nations Security Council Resolution 1244/99),2001,,
06_50,PO4_MG_L,Phosphate in rivers,MG_L,mg PO4 per litre,XK,Kosovo (under United Nations Security Council Resolution 1244/99),2002,,
06_50,PO4_MG_L,Phosphate in rivers,MG_L,mg PO4 per litre,XK,Kosovo (under United Nations Security Council Resolution 1244/99),2003,,
06_50,PO4_MG_L,Phosphate in rivers,MG_L,mg PO4 per litre,XK,Kosovo (under United Nations Security Council Resolution 1244/99),2004,,
06_50,PO4_MG_L,Phosphate in rivers,MG_L,mg PO4 per litre,XK,Kosovo (under United Nations Security Council Resolution 1244/99),2005,,
06_50,PO4_MG_L,Phosphate in rivers,MG_L,mg PO4 per litre,XK,Kosovo (under United Nations Security Council Resolution 1244/99),2006,,
06_50,PO4_MG_L,Phosphate in rivers,MG_L,mg PO4 per litre,XK,Kosovo (under United Nations Security Council Resolution 1244/99),2007,,
06_50,PO4_MG_L,Phosphate in rivers,MG_L,mg PO4 per litre,XK,Kosovo (under United Nations Security Council Resolution 1244/99),2008,,
06_50,PO4_MG_L,Phosphate in rivers,MG_L,mg PO4 per litre,XK,Kosovo (under United Nations Security Council Resolution 1244/99),2009,,
06_50,PO4_MG_L,Phosphate in rivers,MG_L,mg PO4 per litre,XK,Kosovo (under United Nations Security Council Resolution 1244/99),2010,,
06_50,PO4_MG_L,Phosphate in rivers,MG_L,mg PO4 per litre,XK,Kosovo (under United Nations Security Council Resolution 1244/99),2011,,
06_50,PO4_MG_L,Phosphate in rivers,MG_L,mg PO4 per litre,XK,Kosovo (under United Nations Security Council Resolution 1244/99),2012,,
06_50,PO4_MG_L,Phosphate in rivers,MG_L,mg PO4 per litre,XK,Kosovo (under United Nations Security Council Resolution 1244/99),2013,,
06_50,PO4_MG_L,Phosphate in rivers,MG_L,mg PO4 per litre,XK,Kosovo (under United Nations Security Council Resolution 1244/99),2014,,
06_50,PO4_MG_L,Phosphate in rivers,MG_L,mg PO4 per litre,XK,Kosovo (under United Nations Security Council Resolution 1244/99),2015,,
06_50,PO4_MG_L,Phosphate in rivers,MG_L,mg PO4 per litre,XK,Kosovo (under United Nations Security Council Resolution 1244/99),2016,,
06_50,PO4_MG_L,Phosphate in rivers,MG_L,mg PO4 per litre,XK,Kosovo (under United Nations Security Council Resolution 1244/99),2017,,
06_50,PO4_MG_L,Phosphate in rivers,MG_L,mg PO4 per litre,XK,Kosovo (under United Nations Security Council Resolution 1244/99),2018,,
06_50,PO4_MG_L,Phosphate in rivers,MG_L,mg PO4 per litre,XK,Kosovo (under United Nations Security Council Resolution 1244/99),2019,,
06_50,PO4_MG_L,Phosphate in rivers,MG_L,mg PO4 per litre,XK,Kosovo (under United Nations Security Council Resolution 1244/99),2020,,
06_50,PO4_MG_L,Phosphate in rivers,MG_L,mg PO4 per litre,XK,Kosovo (under United Nations Security Council Resolution 1244/99),2021,,
